"data","disparo","cidade","bairro","cod_bairro","local","outras_regioes","fonte","fonte2","tipo_operacao","media_fonte","media_link","presenca_civil","presenca_pmerj","presenca_uniao"
"17/10/2009",1,"Rio de Janeiro","Vila Isabel",36,"Morro dos Macacos",,"Nudedh","Youtube","Combate a facções",,"http://g1.globo.com/Noticias/Rio/0,,MUL1344807-5606,00-HELICOPTERO+DA+PM+CAI+DURANTE+OPERACAO+EM+FAVELA+DO+RIO.html",,"GAM",
"21/10/2010",1,"Rio de Janeiro","Campo Grande",144,"Barbante",,"Twitter",,"ND",,,,,
"11/05/2012",1,"Rio de Janeiro","Senador Camará",142,"Coréia",,"Nudedh","Youtube","Combate a facções",,"http://g1.globo.com/rio-de-janeiro/noticia/2012/05/traficante-matematico-e-encontrado-morto-no-rio.html","SAER",,
"16/08/2012",1,"Rio de Janeiro","Santa Cruz",149,"Favela do Rola",,"Nudedh","Youtube","ND","G1","http://g1.globo.com/rio-de-janeiro/noticia/2013/08/policia-civil-afasta-delegado-por-acao-na-favela-do-rola-no-rio-em-2012.html","SAER",,
"16/04/2013",0,"Rio de Janeiro","Maré",157,"Nova Holanda",,"Redes da Maré","Facebook","ND",,,,,
"23/09/2014",0,"Rio de Janeiro","Maré",157,"Salsa e Merengue","Pinheiro","Maré Vive",,"ND",,,,,
"30/10/2014",0,"Rio de Janeiro","Acari",111,,,"Defezap","Facebook","Vingança",,,"SAER",,
"02/12/2015",0,"Rio de Janeiro","Maré",157,"Nova Holanda","Rubens Vaz;Parque União","Facebook",,"ND",,,,,
"19/08/2016",0,"Rio de Janeiro","Complexo do Alemão",156,"Nova Brasília","Canitar;Fazendinha","Maré Vive",,"ND",,,,,
"04/01/2017",0,"Rio de Janeiro","Complexo do Alemão",156,"Fazendinha",,"GAM",,"ND",,,,"GAM",
"05/01/2017",0,"Rio de Janeiro","Copacabana",24,"Pavão Pavaozinho",,"GAM",,"ND",,,,"GAM",
"06/01/2017",0,"Rio de Janeiro","Vicente de Carvalho",73,"Juramento","Serrinha","GAM",,"ND",,,,"GAM",
"10/01/2017",0,"Rio de Janeiro","Manguinhos",39,,"Jacarezinho","GAM",,"ND",,,,"GAM",
"11/01/2017",0,"Rio de Janeiro","Penha",43,"Vila Cruzeiro","Parque Proletário","GAM",,"ND",,,,"GAM",
"13/01/2017",0,"Rio de Janeiro","Penha",43,"Vila Cruzeiro","Vacaria","GAM",,"ND",,,,"GAM",
"16/01/2017",0,"Angra dos Reis",,,,,"GAM",,"ND",,,,"GAM",
"17/01/2017",0,"Rio de Janeiro","Santa Teresa",14,"Fallet","Fogueteiro;Coroa","GAM",,"ND",,,,"GAM",
"18/01/2017",0,"Rio de Janeiro","Jardim Carioca",100,"Complexo do Dendê","Moneró;Cocotá; Cacuia;Tauá;Bancários","GAM",,"ND",,,,"GAM",
"19/01/2017",0,"Rio de Janeiro","Maré",157,"Parque União","Nova Holanda","GAM",,"ND",,,,"GAM",
"20/01/2017",0,"São Gonçalo",,,"Salgueiro",,"GAM",,"ND",,,,"GAM",
"23/01/2017",0,"Rio de Janeiro","Campo Grande",144,"Carobinha",,"GAM",,"ND",,,,"GAM",
"25/01/2017",0,"São Gonçalo","Complexo do Salgueiro",,,,"GAM",,"ND",,,,"GAM",
"28/01/2017",0,"Rio de Janeiro","Campo Grande",144,"Carobinha",,"GAM",,"ND",,,,"GAM",
"31/01/2017",0,"Niterói",,,"Comunidade do Caramujo",,"GAM",,"ND",,,,"GAM",
"04/02/2017",0,"Rio de Janeiro","Complexo do Alemão",156,"Nova Brasília",,"GAM",,"ND",,,,"GAM",
"05/02/2017",0,"Rio de Janeiro","Complexo do Alemão",156,"Nova Brasília",,"GAM",,"ND",,,,"GAM",
"10/02/2017",0,"Rio de Janeiro","Complexo do Alemão",156,"Nova Brasília",,"GAM",,"ND",,,,"GAM",
"17/02/2017",0,"Rio de Janeiro","Santa Teresa",14,"Fallet",,"GAM",,"ND",,,,"GAM",
"17/02/2017",0,"Rio de Janeiro","Cidade de Deus",118,,,"GAM",,"ND",,,,"GAM",
"19/02/2017",0,"Japeri","Engenheiro Pedreira",,"Parque Gandu",,"GAM",,"ND",,,,"GAM",
"23/02/2017",0,"Rio de Janeiro","Maré",157,"Nova Holanda","Parque União","GAM",,"ND",,,,"GAM",
"23/02/2017",0,"Rio de Janeiro","Gamboa",2,"Providência",,"GAM",,"ND",,,,"GAM",
"07/03/2017",0,"Rio de Janeiro","Vila Kennedy",162,,,"GAM",,"ND",,,,"GAM",
"15/03/2017",0,"Rio de Janeiro","Costa Barros",113,"Lagartixa","Morro da Pedreira;Quitanda","GAM",,"ND",,,,"GAM",
"16/03/2017",0,"Rio de Janeiro","Copacabana",24,"Pavão Pavaozinho",,"GAM",,"ND",,,,"GAM",
"16/03/2017",0,"Japeri",,,"Parque Guandu",,"GAM",,"ND",,,,"GAM",
"17/03/2017",0,"Belford Roxo","Parque Roseiral",,,,"GAM",,"ND",,,,"GAM",
"21/03/2017",0,"Niterói","Engenho",,,,"GAM",,"ND",,,,"GAM",
"24/03/2017",0,"São Gonçalo","Complexo do Salgueiro",,,,"GAM",,"ND",,,,"GAM",
"27/03/2017",0,"Niterói","Morro Mar de Rosas",,,"Parque Recife","GAM",,"ND",,,,"GAM",
"28/03/2017",0,"Rio de Janeiro","Copacabana",24,"Pavão Pavaozinho",,"GAM",,"ND",,,,"GAM",
"29/03/2017",0,"Rio de Janeiro","Tijuca",33,"Morro da Formiga",,"GAM",,"ND",,,,"GAM",
"07/04/2017",0,"São Gonçalo","Complexo do Salgueiro",,,,"GAM",,"ND",,,,"GAM",
"09/04/2017",0,"Niterói","Charitas",,"Morro do Preventório",,"GAM",,"ND",,,,"GAM",
"10/04/2017",0,"Rio de Janeiro","Lins de Vasconcelos",62,,,"GAM",,"ND",,,,"GAM",
"20/04/2017",0,"Angra dos Reis","Areal",,,,"GAM",,"ND",,,,"GAM",
"25/04/2017",0,"Rio de Janeiro","Complexo do Alemão",156,,,"GAM",,"ND",,,,"GAM",
"27/04/2017",0,"Rio de Janeiro","Maré",157,,,"GAM",,"ND",,,,"GAM",
"27/04/2017",0,"Rio de Janeiro","Jacarezinho",155,"Jacarezinho",,"GAM",,"ND",,,,"GAM",
"02/05/2017",0,"Rio de Janeiro","Cordovil",46,"Cidade Alta","Parada de Lucas","GAM",,"ND",,,,"GAM",
"09/06/2017",0,"Rio de Janeiro","Santa Teresa",14,"Fallet","Fogueteiro;Morro dos Prazeres;Escondidinho","GAM",,"ND",,,,"GAM",
"19/06/2017",0,"Rio de Janeiro","Santa Cruz",149,"Antares","Rola","GAM",,"ND",,,,"GAM",
"20/06/2017",0,"ND",,,"Baixada Fluminense",,"GAM",,"ND",,,,"GAM",
"24/06/2017",0,"Rio de Janeiro","Cordovil",46,"Cidade Alta",,"GAM",,"ND",,,,"GAM",
"28/06/2017",0,"Rio de Janeiro","Pavuna",114,"Complexo da Pedreira",,"GAM",,"ND",,,,"GAM",
"10/07/2017",0,"Rio de Janeiro","Cidade de Deus",118,,,"GAM",,"ND",,,,"GAM",
"17/07/2017",0,"Rio de Janeiro","Mangueira",11,,,"GAM",,"ND",,,,"GAM",
"25/07/2017",0,"Rio de Janeiro","Copacabana",24,"Pavão Pavaozinho",,"GAM",,"ND",,,,"GAM",
"31/07/2017",0,"Rio de Janeiro","Tijuca",33,"Turano",,"GAM",,"ND",,,,"GAM",
"03/08/2017",0,"Rio de Janeiro","Tanque",123,"Covanca",,"GAM",,"ND",,,,"GAM",
"05/08/2017",0,"Rio de Janeiro","Marechal Hermes",90,"Rua Quirim",,"GAM",,"ND",,,,"GAM",
"05/08/2017",0,"Rio de Janeiro","Praça Seca",124,"São José Operário",,"GAM",,"ND",,,,"GAM",
"05/08/2017",1,"Rio de Janeiro","Lins de Vasconcelos",62,,,"GAM",,"ND",,,,"GAM",
"08/08/2017",0,"Rio de Janeiro","Penha",43,"Parque Proletário","Vila Cruzeiro;Chatuba","GAM",,"ND",,,,"GAM",
"10/08/2017",0,"Rio de Janeiro","Madureira",83,"Serrinha",,"GAM",,"ND",,,,"GAM",
"15/08/2017",0,"Rio de Janeiro","Praça Seca",124,"São José Operário",,"GAM",,"ND",,,,"GAM",
"16/08/2017",0,"Niterói","Florália",,"Caramujo",,"GAM",,"ND",,,,"GAM",
"21/08/2017",0,"Rio de Janeiro","Mangueira",11,,,"GAM",,"ND",,,,"GAM",
"21/08/2017",1,"Rio de Janeiro","Jacarezinho",155,"Jacarezinho",,"Defezap","Facebook","Vingança","The Intercept","http://archive.is/pSLO0","SAER;CORE",,
"23/08/2017",0,"Rio de Janeiro","Tijuca",33,"Morro da Formiga",,"GAM",,"ND",,,,"GAM",
"28/08/2017",0,"Rio de Janeiro","Praça Seca",124,,,"GAM",,"ND",,,,"GAM",
"30/08/2017",0,"São Gonçalo","Complexo do Salgueiro",,,,"GAM",,"ND",,,,"GAM",
"31/08/2017",0,"São Gonçalo","Complexo do Salgueiro",,,,"GAM",,"ND",,,,"GAM",
"04/09/2017",0,"Rio de Janeiro","Praça Seca",124,"Covanca","São José Operário","GAM",,"ND",,,,"GAM",
"10/09/2017",0,"Rio de Janeiro","Santa Cruz",149,"Rola","Antares","GAM",,"ND",,,,"GAM",
"11/09/2017",0,"Rio de Janeiro","Maré",157,"Vila do João","Vila dos Pinheiro;Conjunto Esperança","GAM",,"ND",,,,"GAM",
"12/09/2017",0,"Rio de Janeiro","Complexo do Alemão",156,"Chatuba",,"GAM",,"ND",,,,"GAM",
"12/09/2017",0,"Rio de Janeiro","Caju",4,,,"GAM",,"ND",,,,"GAM",
"14/09/2017",0,"Rio de Janeiro","Maré",157,"Vila do João","Vila do Pinheiro;Timbau;Baixa do Sapateiro;Conjunto Nova Maré;Conjunto Esperança;Salsa e Merengue","GAM",,"ND",,,,"GAM",
"15/09/2017",0,"Rio de Janeiro","Vila Kennedy",162,"Avenida Brasil",,"GAM",,"ND",,,,"GAM",
"15/09/2017",0,"Rio de Janeiro","Vicente de Carvalho",73,"Juramento",,"GAM",,"ND",,,,"GAM",
"20/09/2017",0,"Rio de Janeiro","Vicente de Carvalho",73,"Juramento",,"GAM",,"ND",,,,"GAM",
"20/09/2017",0,"Rio de Janeiro","Estácio",9,"São Carlos",,"GAM",,"ND",,,,"GAM",
"20/09/2017",0,"Rio de Janeiro","Vidigal",30,,,"GAM",,"ND",,,,"GAM",
"21/09/2017",0,"Rio de Janeiro","Rocinha",154,,,"GAM",,"ND",,,,"GAM",
"22/09/2017",0,"Rio de Janeiro","Rocinha",154,,,"GAM",,"ND",,,,"GAM",
"01/10/2017",0,"Rio de Janeiro","Estácio",9,"São Carlos","Tijuca;Turano;Canoas;Palmeiras","GAM",,"ND",,,,,
"01/10/2017",0,"Rio de Janeiro","Rocinha",154,,,"GAM",,"ND",,,,,
"03/10/2017",0,"Rio de Janeiro","Estácio",9,"São Carlos",,"GAM",,"ND",,,,,
"04/10/2017",0,"Rio de Janeiro","Rocinha",154,,,"GAM",,"ND",,,,,
"05/10/2017",0,"Rio de Janeiro","Rocinha",154,,,"GAM",,"ND",,,,,
"06/10/2017",0,"Rio de Janeiro","Rocinha",154,,,"GAM",,"ND",,,,,
"07/10/2017",0,"Rio de Janeiro","Rocinha",154,,,"GAM",,"ND",,,,,
"08/10/2017",0,"Rio de Janeiro","Rocinha",154,,,"GAM",,"ND",,,,,
"09/10/2017",0,"Japeri","Engenheiro Pedreira",,"Parque Guandu",,"GAM",,"ND",,,,,
"10/10/2017",0,"Rio de Janeiro","Rocinha",154,,,"GAM",,"ND",,,,,
"11/10/2017",0,"Rio de Janeiro","Rocinha",154,"Calha","Trilhas para o Vidigal","GAM",,"ND",,,,,
"19/10/2017",0,"Rio de Janeiro","Estácio",9,"São Carlos",,"GAM",,"ND",,,,,
"20/10/2017",0,"Rio de Janeiro","Vicente de Carvalho",73,"Juramento","Serrinha","GAM",,"ND",,,,,
"24/10/2017",0,"Rio de Janeiro","Rocinha",154,,,"GAM",,"ND",,,,,
"25/10/2017",0,"Rio de Janeiro","Rocinha",154,,,"GAM",,"ND",,,,,
"26/10/2017",0,"Rio de Janeiro","Praça Seca",124,"São José Operario","Barão;Lins","GAM",,"ND",,,,,
"27/10/2017",0,"Rio de Janeiro","Lins de Vasconcelos",62,,,"GAM",,"ND",,,,,
"28/10/2017",0,"Rio de Janeiro","Rocinha",154,,"Vidigal","GAM",,"ND",,,,,
"28/10/2017",1,"Rio de Janeiro","Mangueira",11,"Mangueira",,"OTT-RJ",,"ND","Defezap","https://www.facebook.com/defezap/photos/a.1690334357899897.107%203741829.1620931094840224/1935915980008399/?type=3&theater","SAER;CORE",,
"29/10/2017",0,"Rio de Janeiro","Lins de Vasconcelos",62,,,"GAM",,"ND",,,,,
"30/10/2017",0,"Rio de Janeiro","Rocinha",154,,,"GAM",,"ND",,,,,
"31/10/2017",0,"Rio de Janeiro","Maré",157,"Rua 1","Rua 2","GAM",,"ND",,,,,
"31/10/2017",0,"Rio de Janeiro","Copacabana",24,"Tabajaras","-","SAER",,"ND",,,"SAER;CORE",,
"01/11/2017",0,"Rio de Janeiro","Vicente de Carvalho",73,"Juramento",,"GAM",,"ND",,,,,
"01/11/2017",0,"São Gonçalo",,,"São Gonçalo",,"SAER",,"ND",,,"SAER;CORE",,
"01/11/2017",0,"Rio de Janeiro","Mangueira",11,"Mangueira",,"SAER",,"ND",,,"SAER;CORE;DRFA",,
"02/11/2017",0,"São Gonçalo",,,,"-","SAER",,"ND",,,"SAER;CORE",,
"03/11/2017",0,"São Gonçalo",,,,"Niterói","SAER",,"ND",,,"SAER;CORE",,
"05/11/2017",0,"Rio de Janeiro","Maré",157,,,"SAER",,"ND",,,"SAER;CORE",,
"06/11/2017",0,"Rio de Janeiro","Maré",157,"Nova Holanda",,"GAM",,"ND",,,,,
"06/11/2017",0,"Rio de Janeiro","Jacarezinho",155,"Cidade da Polícia",,"SAER",,"ND",,,"SAER;CORE",,
"09/11/2017",0,"Rio de Janeiro","Rocinha",154,,"Vidigal","GAM",,"ND",,,,,
"11/11/2017",0,"Rio de Janeiro","Rocinha",154,,,"GAM",,"ND",,,,,
"11/11/2017",0,"São Gonçalo","Jardim Catarina",,,,"GAM",,"ND",,,,,
"12/11/2017",0,"Rio de Janeiro","Gamboa",2,"Providência",,"GAM",,"ND",,,,,
"14/11/2017",0,"Rio de Janeiro","Copacabana",24,"Morro dos Tabajaras","Cabritos","GAM",,"ND",,,,,
"16/11/2017",0,"Rio de Janeiro","Madureira",83,"Serrinha",,"GAM",,"ND",,,,,
"18/11/2017",0,"Rio de Janeiro","Rocinha",154,,,"GAM",,"ND",,,,,
"21/11/2017",0,"Rio de Janeiro","Rocinha",154,,,"GAM",,"ND",,,,,
"24/11/2017",0,"Rio de Janeiro","Santa Cruz",149,"Rola","Antares;Cesarão","GAM",,"ND",,,,,
"25/11/2017",0,"Rio de Janeiro","Galeão",104,"Vila Joaniza","Barbante","GAM",,"ND",,,,,
"01/12/2017",0,"Rio de Janeiro","Madureira",83,"Serrinha",,"GAM",,"ND",,,,,
"03/12/2017",0,"Rio de Janeiro","Magueira",11,"Mangueira",,"SAER",,"ND",,,"SAER;CORE",,
"05/12/2017",1,"Rio de Janeiro","Maré",157,"Vila do João","Vila dos Pinheiro;Conjunto Pinheiro;Salsa E Merengue","Nudedh","Defezap","ND","O Globo","https://oglobo.globo.com/rio/policial-civil-ferido-em-helicoptero-durante-operacao-em-favela-da-mare-22151844","SAER;CORE",,
"06/12/2017",0,"Rio de Janeiro","Rocinha",154,,"Vidigal","GAM",,"ND",,,,"GAM",
"06/12/2017",0,"Rio de Janeiro","Benfica",12,"Parque Arará",,"SAER",,"ND",,,"SAER;CORE",,
"06/12/2017",0,"São Gonçalo",,,,"Niterói","SAER",,"ND",,,"SAER;CORE",,
"08/12/2017",0,"Rio de Janeiro","Manguinhos",39,"Manguinhos",,"SAER",,"ND",,,"SAER;CORE",,
"11/12/2017",0,"Queimados",,,,,"SAER",,"ND",,,"SAER;DHBF",,
"13/12/2017",0,"São Gonçalo","Salgueiro",,,,"GAM",,"ND",,,,,
"13/12/2017",0,"Rio de Janeiro","Mangueira",11,,,"SAER",,"ND",,,"SAER;CORE",,
"14/12/2017",0,"São Gonçalo","Salgueiro",,,,"GAM",,"ND",,,,,
"16/12/2017",0,"Rio de Janeiro","Penha",43,"Kelson",,"GAM",,"ND",,,,,
"16/12/2017",0,"Rio de Janeiro","Benfica",12,"Parque Arará",,"SAER",,"ND",,,,,
"18/12/2017",0,"Rio de Janeiro","Estácio",9,"Morro do Zinco","São Carlos","GAM",,"ND",,,,,
"24/12/2017",0,"Rio de Janeiro","Rocinha",154,,,"GAM",,"ND",,,,,
"27/12/2017",0,"Rio de Janeiro","Rocinha",154,,"Parque da Cidade","GAM",,"ND",,,,,
"29/12/2017",0,"Itaguaí",,,,"Queimados","GAM",,"ND",,,,,
"01/01/2018",0,"Rio de Janeiro","Jacaré",51,,,"GAM",,"ND",,,,,
"01/01/2018",0,"Rio de Janeiro","Rocinha",154,,,"GAM",,"ND",,,,"CHOQUE",
"02/01/2018",0,"Rio de Janeiro","Jacaré",51,,,"GAM",,"ND",,,,,
"02/01/2018",0,"Niterói",,,,,"Twitter",,"ND",,,,,
"03/01/2018",0,"ND",,,,,"Twitter",,"ND",,,,,
"04/01/2018",0,"Rio de Janeiro","Catete",18,"Santo Amaro",,"Twitter",,"ND",,,,,
"06/01/2018",0,"Maricá","Jaconé",,"Sitío","Saquarema","SAER",,"ND","O Maricá","https://jornalomarica.com.br/2018/01/06/operacao-de-policiais-da-dhnsg-leva-pra-vala-3-bandidos-em-jacone-2/","SAER;DH",,
"06/01/2018",0,"Maricá","Jaconé",,,"Saquarema","SAER",,"ND",,,"SAER",,
"09/01/2018",0,"Niterói","Charitas",,"Morro do Preventório",,"SAER","Twitter","ND","Band News","http://bandnewsfmrio.com.br/editorias-detalhes/policia-militar-realiza-operacao-em-comunidad","SAER;CORE",,
"09/01/2018",0,"Macaé",,,"Lagomar",,"Twitter",,"ND",,,,,
"10/01/2018",0,"Macaé",,,,,"GAM",,"ND",,,,"GAM",
"11/01/2018",0,"Rio de Janeiro","Jacarepaguá",115,"Covanca","Barão","GAM",,"Combate a facções",,,,"GAM",
"11/01/2018",0,"Macaé",,,"Restinga de Jurubatiba",,"GAM",,"Combate a facções",,,,"GAM",
"11/01/2018",0,"Rio de Janeiro","Costa Barros",113,"Complexo da Pedreira",,"SAER",,"ND",,,"SAER",,
"12/01/2018",0,"Rio de Janeiro","Rocinha",154,"Rocinha",,"GAM",,"Combate a facções",,,,"GAM",
"12/01/2018",1,"Rio de Janeiro","Jacaré",51,"Jacarezinho",,"SAER","Facebook","Vingança","G1","https://g1.globo.com/rj/rio-de-janeiro/noticia/delegado-e-encontrado-morto-a-tiros-no-jacarezinho.ghtml","SAER",,
"13/01/2018",0,"Rio de Janeiro","Mangueira",11,,,"GAM",,"Apoio",,,,"GAM",
"14/01/2018",0,"Rio de Janeiro","Mangueira",11,,,"GAM",,"ND",,,,"GAM",
"14/01/2018",1,"Rio de Janeiro","Jacarezinho",155,"Jacarezinho",,"SAER","Fogo Cruzado","Vingança","G1","https://g1.globo.com/rj/rio-de-janeiro/noticia/delegado-e-encontrado-morto-a-tiros-no-jacarezinho.ghtml","SAER",,
"16/01/2018",0,"Rio de Janeiro","Lins de Vasconcelos",62,,,"Twitter",,"Combate a facções","O Dia","https://odia.ig.com.br/_conteudo/2018/01/rio-de-janeiro/5505278-comunidade-do-complexo-do-lins-tem-tiroteio-pelo-segundo-dia-seguido.html",,,
"16/01/2018",0,"Rio de Janeiro","Rocinha",154,"Calha",199,"GAM",,"ND",,,,"GAM",
"16/01/2018",0,"Rio de Janeiro","Tijuca",33,"Morro do Turano",,"GAM",,"ND",,,,"GAM",
"16/01/2018",0,"Rio de Janeiro","Vigário Geral",48,"Dique",,"SAER",,"ND",,,"SAER",,
"16/01/2018",0,"Belford Roxo",,,"Comunidade São Leopoldo",,"Twitter",,"ND",,,,,
"17/01/2018",0,"Rio de Janeiro",,"ND",,,"Twitter",,"ND",,,,,
"24/01/2018",0,"Rio de Janeiro","Cidade de Deus",118,,,"GAM",,"ND",,,,,
"24/01/2018",0,"Rio de Janeiro","Praça Seca",124,"Chacrinha do Mata Alto",,"SAER","Twitter","ND",,,"SAER",,
"24/01/2018",0,"ND",,,,,"Twitter",,"ND",,,,"GAM",
"25/01/2018",0,"Rio de Janeiro","Rocinha",154,,,"GAM",,"ND",,,,"GAM",
"25/01/2018",0,"Rio de Janeiro","Jacarezinho",155,"Jacarezinho",,"SAER","Twitter","ND","R7","https://noticias.r7.com/rio-de-janeiro/balanco-geral-rj/videos/policia-realiza-operacao-no-jacarezinho-nesta-quinta-feira-25-25012018","SAER",,
"29/01/2018",0,"Rio de Janeiro","Copacabana",24,"Tabajaras","Cabrito","GAM",,"ND",,,,"GAM",
"29/01/2018",0,"Belford Roxo",,,,,"Twitter",,"ND",,,,,
"29/01/2018",0,"Rio de Janeiro",,"ND",,,"Twitter",,"ND",,,,,
"31/01/2018",0,"Rio de Janeiro","Cidade de Deus",118,,,"Twitter",,"Combate a facções","O Dia","https://odia.ig.com.br/_conteudo/2018/01/rio-de-janeiro/5509839-moradores-da-cidade-de-deus-voltam-a-ter-dia-de-panico-e-linha-amarela-e-fechada.html",,"GAM",
"01/02/2018",0,"Rio de Janeiro","Cidade de Deus",118,,,"Facebook",,"Combate a facções","O Globo","https://oglobo.globo.com/rio/um-dia-apos-confrontos-que-deixaram-cenario-de-terror-tiroteios-voltam-causar-panico-na-linha-amarela-22352877?utm_source=Facebook&utm_medium=Social&utm_campaign=compartilhar","SAER",,
"01/02/2018",0,"Belford Roxo","Morro da Caixa D'gua",,,"Parque Roseiral","SAER","Twitter","ND",,,,,
"02/02/2018",0,"Rio de Janeiro","Complexo do Alemão",156,"Fazendinha","Nova Brasília","GAM",,"ND",,,,"GAM",
"02/02/2018",0,"Rio de Janeiro","Santa Teresa",14,"Morro dos Prazeres",,"SAER",,"ND",,,"SAER",,
"02/02/2018",0,"Duque de Caxias","Imbariê",,,,"SAER",,"ND",,,"SAER",,
"03/02/2018",0,"Rio de Janeiro","Maré",157,"Nova Holanda",,"GAM",,"ND",,,,"GAM",
"03/02/2018",0,"Rio de Janeiro","Cidade de Deus",118,,,"GAM","PCERJ","ND",,,"SAER","GAM",
"05/02/2018",0,"Rio de Janeiro","Vila Kennedy",162,,,"Twitter",,"ND",,,,,
"06/02/2018",0,"Rio de Janeiro","Maré",157,,,"Twitter",,"ND",,,,"GAM",
"07/02/2018",0,"Rio de Janeiro","Cidade de Deus",118,,,"Twitter",,"ND",,,,,
"08/02/2018",0,"Queimados",,,,,"GAM",,"ND",,,,"GAM",
"11/02/2018",0,"Rio de Janeiro","Recreio dos Bandeirantes",132,"Praia da Macumba",,"SAER",,"ND",,,"SAER",,
"11/02/2018",0,"Rio de Janeiro","Copacabana",24,"Tabajaras","Cemitério","SAER","Twitter","ND",,,"SAER",,
"13/02/2018",0,"Rio de Janeiro","Praça Seca",124,"Bateau Mouche","Fazenda","GAM",,"ND",,,,"GAM",
"15/02/2018",1,"Rio de Janeiro","Realengo",139,"Cosmos","Sulacap;Jardim Novo;Nogueira","SAER","Twitter","ND",,,"SAER",,
"18/02/2018",0,"Rio de Janeiro","Botafogo",20,"Dona Marta",,"Twitter",,"ND",,,,,
"19/02/2018",0,"Rio de Janeiro","Lagoa",27,,,"SAER",,"ND",,,"SAER",,
"20/02/2018",0,"Rio de Janeiro","Penha",43,"Kelson",,"GAM",,"ND",,,,"GAM",
"21/02/2018",0,"Rio de Janeiro","Acari",111,"Irajá",,"SAER","Twitter","ND",,,"SAER;CORE",,
"21/02/2018",0,"Duque de Caxias","Imbariê",,"Parada Angélica","Santa Lúcia;Vila Sapê;Imbariê","Twitter",,"ND",,,"SAER;CORE",,
"22/02/2018",0,"Rio de Janeiro","Maré",157,"Vila dos Pinheiros",,"SAER","Twitter","Mandados","O Dia","https://odia.ig.com.br/rio-de-janeiro/2018/02/5516235-operacao-da-policia-civil-tem-intenso-tiroteio-e-panico-na-mare.html","SAER;CORE",,
"23/02/2018",0,"Rio de Janeiro","Senador Camará",142,"Vila Aliança","Coreia","SAER","Twitter","ND","Folha de São Paulo","https://www1.folha.uol.com.br/cotidiano/2018/02/forcas-armadas-fazem-operacao-em-tres-favelas-do-rio.shtml","SAER",,
"26/02/2018",0,"Rio de Janeiro","Lins de Vasconcelos",62,,,"GAM",,"ND",,,,"GAM",
"26/02/2018",0,"Rio de Janeiro","Vigário Geral",48,"Furquim Mendes",,"SAER",,"ND",,,"SAER",,
"26/02/2018",0,"Rio de Janeiro","Vila Kennedy",162,,,"Twitter",,"ND",,,,,
"27/02/2018",0,"Rio de Janeiro","Senador Camará",142,"Vila Aliança","Coreia","Twitter",,"ND","UOL","https://noticias.uol.com.br/cotidiano/ultimas-noticias/2018/02/27/com-helicoptero-e-tanques-exercito-faz-nova-operacao-na-zona-oeste-do-rio.htm",,,
"28/02/2018",1,"Rio de Janeiro","Maré",157,"Conjunto Esperança","Vila Do João;Vila Do Pinheiro;Conjunto Pinheiro;Salsa e Merengue","Nudedh","Facebook","Mandados","O Globo","https://oglobo.globo.com/rio/moradores-relatam-intenso-tiroteio-no-complexo-da-mare-nesta-quarta-feira-22441304","SAER;CORE;DRF;DRFC",,
"02/03/2018",0,"Rio de Janeiro","Vicente de Carvalho",73,"Serrinha","Madureira","GAM",,"ND",,,,"GAM",
"02/03/2018",0,"São Gonçalo","Jardim Catarina",,"Jardim Catarina",,"SAER","Twitter","ND","O Globo","https://oglobo.globo.com/rio/forcas-de-seguranca-fazem-operacao-em-sao-goncalo-na-regiao-metropolitana-do-rio-22449059","SAER;CORE",,"EXÉRCITO"
"06/03/2018",0,"Niterói","Preventório",,,,"SAER",,"ND",,,"SAER",,
"07/03/2018",0,"Seropédica",,,,,"SAER",,"ND",,,"SAER",,
"08/03/2018",0,"Seropédica",,,,,"SAER",,"ND",,,"SAER",,
"09/03/2018",0,"Rio de Janeiro","Senador Camará",142,"Vila Aliança",,"GAM",,"ND",,,,"GAM",
"12/03/2018",0,"Rio de Janeiro","Praça Seca",124,"Covanca",,"GAM",,"ND",,,,"GAM",
"13/03/2018",0,"Rio de Janeiro","Praça Seca",124,"Bateau Mouche",,"GAM",,"ND",,,,"GAM",
"15/03/2018",0,"Rio de Janeiro","Praça Seca",124,"Covanca",,"GAM",,"ND",,,,"GAM",
"15/03/2018",0,"Niterói",,,,,"GAM",,"ND",,,,"GAM",
"16/03/2018",0,"Itaguaí",,,,,"SAER",,"ND",,,,,
"16/03/2018",0,"ND",,,,,"Twitter",,"ND",,,,,
"17/03/2018",0,"Rio de Janeiro","Complexo do Alemão",156,"Fazendinha",,"GAM",,"ND",,,,"GAM",
"17/03/2018",0,"Niterói",,,,,"SAER",,"ND",,,"SAER",,
"17/03/2018",0,"Rio de Janeiro","Rocinha",154,,,"Twitter",,"ND",,,,"GAM",
"18/03/2018",0,"Rio de Janeiro","Rio Comprido",7,,"Catumbi","Twitter",,"ND",,,"SAER",,
"18/03/2018",0,"Rio de Janeiro","Praça Seca",124,,,"Twitter",,"ND",,,,,
"21/03/2018",0,"Rio de Janeiro","Cidade de Deus",118,,,"Twitter",,"ND",,,,,
"21/03/2018",0,"Niterói","Largo da Batalha",,"Comunidade da Igrejinha",,"SAER","Twitter","ND","O Fluminense","http://www.ofluminense.com.br/pt-br/pol%C3%ADcia/policia-civil-faz-opera%C3%A7%C3%A3o-em-niter%C3%B3i","SAER;CORE",,
"23/03/2018",0,"São Gonçalo",,,"Padre João Maria",,"SAER",,"ND",,,"SAER",,
"24/03/2018",0,"Rio de Janeiro","Rocinha",154,"Rocinha",,"GAM",,"ND",,,,"GAM",
"26/03/2018",0,"Rio de Janeiro","Praça Seca",124,"Bateau Mouche","Caixa D'agua","GAM",,"ND",,,,"GAM",
"27/03/2018",0,"Rio de Janeiro","Galeão",104,"Vila Joaniza",,"GAM",,"ND",,,,"GAM",
"27/03/2018",0,"Rio de Janeiro","Lins de Vasconcelos",62,,,"SAER","Twitter","ND",,,"SAER;CORE",,
"28/03/2018",0,"Belford Roxo","Guacha do Redentor",,,,"Twitter",,"ND",,,,"GAM",
"29/03/2018",0,"Queimados","Comunidade do Guau",,,,"GAM",,"ND",,,,"GAM",
"30/03/2018",0,"Rio de Janeiro","Costa Barros",113,"Pedreira",,"LeiSecaRJ",,"ND",,,,"GAM",
"30/03/2018",0,"São Gonçalo","Gradim",,,"Paraíso","Twitter",,"ND",,,,,
"02/04/2018",0,"Rio de Janeiro","Recreio dos Bandeirantes",132,"Grumari",,"SAER",,"ND",,,"SAER",,
"06/04/2018",0,"Rio de Janeiro","Vidigal",30,,,"GAM",,"ND",,,,"GAM",
"06/04/2018",0,"Rio de Janeiro","Rio Comprido",7,"Morro do Fogueteiro",,"SAER","Twitter","ND","O Globo","https://oglobo.globo.com/rio/policia-tenta-cumprir-50-mandados-de-prisao-em-morros-da-regiao-central-do-rio-22563459","SAER;CORE",,
"07/04/2018",0,"Angra dos Reis",,,"Clube Med",,"SAER",,"ND",,,"SAER",,
"08/04/2018",0,"Rio de Janeiro","Jacarezinho",155,"Cidade da Polícia",,"SAER",,"ND",,,"SAER",,
"08/04/2018",0,"Angra dos Reis",,,"Ilha Grande",,"SAER",,"ND",,,"SAER",,
"12/04/2018",0,"São Gonçalo",,,,,"GAM",,"ND",,,,"GAM",
"13/04/2018",0,"Queimados",,,,,"SAER",,"ND",,,"SAER","GAM",
"14/04/2018",0,"Niterói","Favela da Grota",,,,"GAM",,"ND",,,,"GAM",
"17/04/2018",0,"Rio de Janeiro","Rocinha",154,"Rua 1","Vila Verde;599","SAER","Twitter","ND","O Globo","https://oglobo.globo.com/rio/moradores-relatam-tiros-explosoes-na-rocinha-na-manha-desta-terca-feira-22599621","SAER;CORE",,
"20/04/2018",0,"Rio de Janeiro","Santa Cruz",149,,,"SAER",,"ND",,,,,
"25/04/2018",0,"Rio de Janeiro","Santa Cruz",149,,,"SAER","G1","Mandados",,,"SAER",,
"25/04/2018",0,"Niterói","Camaramujo",,,,"GAM",,"ND",,,,"GAM",
"27/04/2018",0,"Rio de Janeiro","Méier",63,,,"GAM",,"ND",,,,"GAM",
"27/04/2018",0,"Rio de Janeiro","Senador Camará",142,"Vila Aliança",,"SAER","Twitter","ND",,,"SAER;DCOD",,
"28/04/2018",0,"Rio de Janeiro","Jacarepaguá",115,"Freguesia",,"GAM",,"ND",,,,,
"29/04/2018",0,"Magé","Lagoa",27,,,"GAM",,"ND",,,,,
"01/05/2018",0,"Rio de Janeiro","Rocinha",154,,,"GAM",,"ND",,,,"GAM",
"03/05/2018",0,"Rio de Janeiro","Lins de Vasconcelos",62,"Favela da Cotia",,"GAM",,"ND",,,,"GAM",
"03/05/2018",0,"Rio de Janeiro","Cidade de Deus",118,,,"GAM",,"ND",,,,"GAM",
"03/05/2018",0,"Itaboraí",,,,,"SAER",,"ND",,,"SAER",,
"03/05/2018",0,"São Gonçalo",,,"Recanto das Acácias","Torres","Twitter",,"ND","O São Gonçalo","https://www.osaogoncalo.com.br/seguranca-publica/60299/tres-homens-sao-baleados-durante-operacao-da-pm-no-complexo-do-salgueiro",,,
"05/05/2018",1,"ND",,,,,"Twitter",,"ND",,,,,
"06/05/2018",0,"Rio Bonito",,,,,"SAER",,"ND",,,"SAER",,
"08/05/2018",0,"Rio de Janeiro","Rio Comprido",7,"São Carlos",,"SAER",,"ND",,,"SAER",,
"09/05/2018",1,"Rio de Janeiro","Rocinha",154,,,"GAM","PCERJ","Combate a facções","G1","http://g1.globo.com/rio-de-janeiro/videos/v/moradores-registram-troca-de-tiros-na-rocinha-nesta-quarta-09/6723890/","SAER;CORE","GAM",
"09/05/2018",0,"Rio de Janeiro","Jacarepaguá",115,"Teixeira",,"GAM",,"ND",,,,"GAM",
"09/05/2018",0,"Rio de Janeiro","Vigário Geral",48,"Furquim Mendes",,"SAER",,"ND","Gazeta","https://www.gazetadigital.com.br/editorias/brasil/forcas-armadas-fazem-operacao-em-rodovias-e-comunidades-do-rj/539306","SAER;CORE",,
"10/05/2018",0,"Rio de Janeiro","Água Santa",67,"Morro do Dezoito",,"SAER",,"ND",,,"SAER",,
"12/05/2018",0,"Rio de Janeiro","Taquara",122,"Comunidade dos Teixeiras",,"GAM",,"ND",,,,"GAM",
"12/05/2018",0,"Rio de Janeiro","Cosmos",147,,,"SAER","Twitter","ND",,,"SAER;CORE;BHBF",,
"12/05/2018",0,"Rio de Janeiro",,"ND",,,"Twitter",,"ND",,,,,
"14/05/2018",0,"Rio de Janeiro","Santa Teresa",14,"Fallet",,"GAM",,"ND",,,,"GAM",
"14/05/2018",0,"Rio de Janeiro","Água Santa",67,"Morro do Dezoito",,"Twitter",,"ND","CBN","http://cbn.globoradio.globo.com/media/audio/182475/policial-da-core-e-baleado-em-operacao-no-morro-do.htm","SAER;CORE",,
"15/05/2018",1,"Rio de Janeiro","Cavalcanti",80,"Morro da Primavera",,"OTT-RJ",,"Combate a facções",,,,,
"15/05/2018",0,"Rio de Janeiro","Água Santa",67,"Morro do Dezoito",,"SAER",,"ND",,,"SAER",,
"16/05/2018",0,"Niterói","Jurujuba",,,,"GAM","PCERJ","ND",,,"SAER","GAM",
"18/05/2018",0,"Rio de Janeiro","Praça Seca",124,"São José Operário",,"Twitter",,"Combate a facções",,,"SAER","GAM","EXERCITO"
"18/05/2018",0,"Rio de Janeiro","Ilha de Guaratiba",151,,,"SAER",,"ND",,,"SAER",,
"18/05/2018",0,"Magé",,,"Magé",,"SAER","Facebook","ND",,,"SAER;DDSD",,
"18/05/2018",0,"Rio de Janeiro","Quintino Bocaiúva",79,"Morro do Fubá",,"SAER","Twitter","ND",,,,,
"19/05/2018",0,"Rio de Janeiro","Cidade de Deus",118,,,"GAM",,"ND",,,,,
"19/05/2018",0,"Rio de Janeiro","Lins de Vasconcelos",62,,,"GAM",,"ND",,,,,
"19/05/2018",0,"Rio de Janeiro","Praça Seca",124,,,"Twitter",,"ND",,,,,
"20/05/2018",0,"Itaboraí","Venda Velha",,,"BNH","GAM",,"ND",,,,"GAM",
"21/05/2018",0,"Rio de Janeiro","Engenho de Dentro",66,"Camarista Méier",,"GAM",,"ND",,,,"GAM",
"22/05/2018",0,"Rio de Janeiro","Cidade de Deus",118,,,"Twitter",,"ND",,,,,
"23/05/2018",0,"Rio de Janeiro","Rocinha",154,,,"SAER",,"ND",,,"SAER",,
"24/05/2018",0,"Itaboraí",,,,,"SAER",,"ND",,,"SAER",,
"24/05/2018",0,"Itaguaí",,,,,"SAER",,"ND",,,"SAER",,
"25/05/2018",0,"Niterói","Jardim Catarina",,,,"GAM",,"ND",,,,,
"25/05/2018",0,"Itaguaí",,,,,"SAER",,"ND",,,"SAER",,
"26/05/2018",0,"Rio de Janeiro","Jacarepaguá",115,"Teixeira",,"SAER",,"ND",,,"SAER",,
"27/05/2018",0,"Rio de Janeiro","Rocinha",154,,,"GAM",,"ND",,,,"GAM",
"01/06/2018",0,"Rio de Janeiro","Santa Teresa",14,"Fallet",,"GAM",,"ND",,,,"GAM",
"01/06/2018",0,"Rio de Janeiro","Centro",5,"Providência",,"GAM",,"ND",,,,"GAM",
"01/06/2018",0,"Duque de Caxias",,,,,"SAER",,"ND",,,"SAER",,
"02/06/2018",0,"Niterói","Itaipu",,,,"SAER",,"ND",,,"SAER",,
"02/06/2018",0,"Rio de Janeiro","Lagoa",27,,,"SAER",,"ND",,,"SAER",,
"03/06/2018",0,"Rio de Janeiro","Ipanema",25,,,"SAER",,"ND",,,"SAER",,
"03/06/2018",0,"Mangaratiba",,,,,"SAER",,"ND",,,"SAER",,
"04/06/2018",0,"Mangaratiba",,,,,"SAER",,"ND",,,,,
"05/06/2018",0,"Rio de Janeiro","Botafogo",20,"Morro Babilonia",,"GAM",,"ND",,,,"GAM",
"05/06/2018",0,"Mangaratiba",,,,,"SAER",,"ND",,,,,
"05/06/2018",0,"ND",,,,,"Twitter",,"ND",,,,,
"06/06/2018",0,"Queimados",,,,,"SAER",,"ND",,,"SAER",,
"06/06/2018",0,"Rio de Janeiro",,"ND",,,"Twitter",,"ND",,,,,
"07/06/2018",0,"Rio de Janeiro","Lins de Vasconcelos",62,,,"GAM",,"ND",,,,"GAM",
"07/06/2018",0,"Rio de Janeiro","Cidade de Deus",118,"Gardênia Azul","Outeiro;Vila Do Sapê;Parque Dois Irmãos;Morro Da Helena","SAER",,"ND","R7","https://noticias.r7.com/rio-de-janeiro/operacao-das-forcas-armadas-tem-um-morto-e-dez-presos-no-rio-07062018",,,
"07/06/2018",0,"Itaguaí","Mangaratiba",,"Marambaia",,"SAER",,"ND",,,"SAER",,
"07/06/2018",0,"Rio de Janeiro","Bonsucesso",40,,,"SAER",,"ND",,,"SAER",,
"08/06/2018",0,"Rio de Janeiro","Botafogo",20,"Morro da Babilônia",,"GAM",,"ND",,,,"GAM",
"08/06/2018",0,"Rio de Janeiro","Baía de Sepetiba","ND",,,"SAER",,"ND","O Dia","https://odia.ig.com.br/rio-de-janeiro/2018/06/5547470-naufragio-de-dois-barcos-deixa-mortos-na-baia-de-sepetiba.html#foto=1","SAER;CORE",,"MARINHA"
"08/06/2018",0,"Rio de Janeiro","Copacabana",24,"Babilônia",,"SAER",,"ND","G1","https://g1.globo.com/rj/rio-de-janeiro/noticia/urca-e-no-leme-na-zona-sul-do-rio-tem-intensos-tiroteios.ghtml","SAER;CORE",,
"09/06/2018",0,"Rio de Janeiro","Rocinha",154,,,"SAER","Twitter","ND","O Globo","https://oglobo.globo.com/rio/primeira-operacao-das-forcas-armadas-na-rocinha-apos-intervencao-federal-tem-16-presos-22762274","SAER;CORE",,
"10/06/2018",0,"Duque de Caxias",,,,,"SAER",,"ND",,,,,
"10/06/2018",0,"Rio de Janeiro",,"ND",,,"Twitter",,"ND",,,,,
"11/06/2018",1,"Rio de Janeiro","Maré",157,"Nova Holanda","Parque União;Rubens Vaz","Fogo Cruzado","Twitter","Diligência","Rio On Watch","https://rioonwatch.org.br/?p=33873","SAER;CORE",,
"12/06/2018",0,"Rio de Janeiro","Acari",111,"Fim do Mundo","Guaiuba","Fogo Cruzado",,"ND",,,"SAER;CORE",,
"12/06/2018",0,"Rio de Janeiro","Tijuca",33,"Borel",,"LeiSecaRJ",,"ND",,,,,
"12/06/2018",0,"Rio de Janeiro","Costa Barros",113,"Pedreira",,"SAER",,"ND",,,"SAER",,
"12/06/2018",0,"São João de Meriti",,,,,"Twitter",,"ND",,,,,
"13/06/2018",0,"Rio de Janeiro","Jardim Sulacap",137,"Jardim da Saudade","Cemitério","SAER","O Globo","Cenográfica","SBT","https://twitter.com/sbtrio/status/1006995495536021505","SAER;CORE",,
"13/06/2018",1,"Rio de Janeiro","Acari",111,"Fim do Mundo",,"SAER","Twitter","Vingança","R7","https://noticias.r7.com/rio-de-janeiro/pm-faz-operacao-em-acari-um-dia-apos-morte-de-policial-civil-13062018","SAER","GAM",
"15/06/2018",1,"Rio de Janeiro","Costa Barros",113,"Morro da Pedreira","Acari","Fogo Cruzado","Twitter","Vingança","O Globo","https://oglobo.globo.com/rio/policia-civil-faz-operacao-na-comunidade-de-acari-na-zona-norte-22783183","SAER;CORE",,
"18/06/2018",0,"Duque de Caxias","Complexo da Mangueirinha",,"Favela do Lixão",,"SAER",,"ND","O Globo","https://oglobo.globo.com/rio/policia-civil-faz-operacao-em-duque-de-caxias-procura-de-assassinos-de-pm-22792636","SAER;CORE",,
"19/06/2018",0,"Rio de Janeiro","Estácio",9,"Morro da Coroa","São Carlos;Fallet","GAM",,"ND",,,,"GAM",
"19/06/2018",0,"Rio de Janeiro","Rio Comprido",7,"Chácara",,"SAER",,"ND",,,,,
"19/06/2018",0,"Rio de Janeiro","Botafogo",20,"Dona Marta",,"Twitter",,"ND",,,,,
"20/06/2018",1,"Rio de Janeiro","Maré",157,"Vila dos Pinheiros",,"SAER","Redes da Maré","Vingança","Folha de São Paulo","https://www1.folha.uol.com.br/cotidiano/2018/06/adolescente-de-14-anos-e-baleado-e-6-morrem-em-operacao-policial-no-rio.shtml","SAER;CORE;DCOD",,"EXERCITO;FORÇA NACIONAL"
"21/06/2018",0,"Rio de Janeiro","Vidigal",30,"Morro do Vidigal",,"SAER","Twitter","ND",,,,,
"23/06/2018",0,"Rio de Janeiro","Botafogo",20,"Morro da Babilônia",,"GAM",,"ND",,,,"GAM",
"25/06/2018",0,"Rio de Janeiro","Santo Cristo",3,"Morro do Pinto",,"GAM",,"ND",,,,"GAM",
"25/06/2018",0,"Rio de Janeiro","Maré",157,,,"SAER",,"ND",,,,"GAM",
"26/06/2018",0,"Rio de Janeiro","Lins de Vasconcelos",62,,,"GAM","Facebook","ND",,,,"GAM",
"26/06/2018",0,"Rio de Janeiro","Engenho Novo",61,"Morro do São João",,"GAM",,"ND",,,,"GAM",
"27/06/2018",0,"Rio de Janeiro","Quintino Bocaiúva",79,"Quintino",,"Facebook",,"ND",,,,,
"27/06/2018",0,"Rio de Janeiro","Maré",157,,,"SAER",,"ND",,,"SAER;CORE",,
"28/06/2018",0,"Rio de Janeiro","Vila Isabel",36,"Morro dos Macacos",,"GAM",,"ND",,,,"GAM",
"28/06/2018",1,"Rio de Janeiro","Lins de Vasconcelos",62,"Marcilio Dias","Gambá;Árvore Seca, Cahoeirinha","SAER","Twitter","Vingança","O Globo","https://oglobo.globo.com/rio/moradores-do-complexo-do-lins-denunciam-caveirao-aereo-atirando-de-cima-para-baixo-22830390?utm_source=Twitter&utm_medium=Social&utm_campaign=","SAER;CORE;DH",,
"29/06/2018",0,"Rio de Janeiro","Estácio",9,"Morro do São Carlos",,"GAM",,"ND",,,,"GAM",
"29/06/2018",0,"Rio de Janeiro","Quintino Bocaiúva",79,,,"SAER",,"ND",,,"SAER",,
"02/07/2018",0,"Duque de Caxias","Magé",,,,"SAER",,"ND",,,"SAER",,
"02/07/2018",0,"Rio de Janeiro",,"ND",,,"SAER",,"ND",,,"SAER",,
"03/07/2018",0,"Rio de Janeiro","Lins de Vasconcelos",62,,,"SAER","Twitter","ND","R7","https://noticias.r7.com/rio-de-janeiro/policia-civil-realiza-operacao-no-complexo-do-lins-03072018","SAER;CORE",,
"04/07/2018",0,"Cabo Frio",,,,,"SAER",,"ND",,,,,
"04/07/2018",0,"Rio de Janeiro","Praça Seca",124,,,"Twitter",,"ND",,,,,
"05/07/2018",0,"Rio de Janeiro","Tanque",123,"Comunidade do Jordão",,"GAM",,"ND",,,,"GAM",
"05/07/2018",0,"Rio de Janeiro",,"ND",,,"Twitter",,"ND",,,,,
"06/07/2018",0,"Rio de Janeiro","Maré",157,"Parque União","Nova Holanda","GAM",,"ND",,,,"GAM",
"06/07/2018",0,"Rio de Janeiro","Madureira",83,"Serrinha",,"SAER",,"ND",,,,,
"08/07/2018",0,"Rio de Janeiro","Santa Cruz",149,,,"GAM",,"ND",,,,"GAM",
"08/07/2018",0,"Duque de Caxias","Xerém",,,,"SAER",,"ND",,,,,
"09/07/2018",0,"Rio de Janeiro","Jacarepaguá",115,,,"GAM",,"ND",,,,"GAM",
"09/07/2018",0,"Rio de Janeiro","Méier",63,,,"GAM",,"ND",,,,"GAM",
"11/07/2018",0,"Rio de Janeiro","Estácio",9,"São Carlos",,"GAM",,"ND",,,,"GAM",
"11/07/2018",0,"Rio de Janeiro","Tijuca",33,"Chácara do Céu","Borel;Casa Branca","Twitter",,"ND",,,,,
"12/07/2018",0,"Rio de Janeiro","Complexo do Alemão",156,"Morro do Adeus",,"SAER","Twitter","ND",,,"SAER;CORE",,
"12/07/2018",0,"São Gonçalo",,,,,"Twitter",,"ND",,,,,
"13/07/2018",1,"São Gonçalo",,,"Barreira",,"Twitter",,"Combate a facções",,,,,
"13/07/2018",0,"Itaboraí",,,,,"GAM",,"ND",,,,"GAM",
"13/07/2018",0,"Rio de Janeiro","Jardim Carioca",100,"Complexo do Dendê",,"SAER","Facebook","ND",,,"SAER",,"PF"
"16/07/2018",0,"Rio de Janeiro","Complexo do Alemão",156,"Fazendinha","Nova Brasília","GAM","Twitter","ND",,,,"GAM",
"17/07/2018",0,"Niterói","Comunidade do Caramujo",,,,"GAM",,"ND",,,,"GAM",
"17/07/2018",0,"Rio de Janeiro","Méier",63,,,"GAM",,"ND",,,,"GAM",
"18/07/2018",0,"Maricá",,,,,"GAM",,"ND",,,,"GAM",
"19/07/2018",0,"Rio de Janeiro","Complexo do Alemão",156,,,"GAM",,"ND",,,,"GAM",
"19/07/2018",0,"Rio de Janeiro",,"ND",,,"Twitter",,"ND",,,,,
"20/07/2018",0,"Duque de Caxias","Olavo Bilac",,"Comunidade do Sapo",,"GAM",,"ND",,,,"GAM",
"20/07/2018",0,"Japeri","Engenheiro Pedreira",,"Parque Gandu",,"GAM",,"ND",,,,,
"22/07/2018",0,"Rio de Janeiro","Estácio",9,"Complexo do São Carlos",,"GAM",,"ND",,,,"GAM",
"23/07/2018",0,"Queimados",,,,,"GAM",,"ND",,,,"GAM",
"25/07/2018",0,"Rio de Janeiro","Guadalupe",106,"Muquiço",,"GAM",,"ND",,,,"GAM",
"25/07/2018",0,"Rio de Janeiro","Rocinha",154,,,"GAM",,"ND",,,,"GAM",
"26/07/2018",0,"Itaguaí",,,,,"GAM",,"ND",,,,"GAM",
"26/07/2018",0,"Rio de Janeiro","Rocinha",154,,,"GAM",,"ND",,,,,
"27/07/2018",0,"Rio de Janeiro","Pilares",71,"Moro do Urubu",,"GAM",,"ND",,,,"GAM",
"27/07/2018",0,"Japeri","Engenheiro Pedreira",,"Parque Gandu",,"SAER","G1","ND",,,"SAER;CORE",,
"29/07/2018",0,"Rio de Janeiro","Manguinhos",39,"Mandela","Varginha","GAM",,"ND",,,,"GAM",
"30/07/2018",0,"Rio de Janeiro","Santa Cruz",149,"Rola","Antares","GAM",,"ND",,,,"GAM",
"31/07/2018",0,"Rio de Janeiro","Manguinhos",39,"Mandela",,"GAM",,"ND",,,,"GAM",
"01/08/2018",0,"Rio de Janeiro","Paciência",148,,,"Twitter",,"ND",,,,,
"02/08/2018",0,"São Gonçalo","Jardim Catarina",,"Jardim Catarina",,"SAER",,"ND",,,"SAER",,
"02/08/2018",0,"Rio de Janeiro","Parada de Lucas",47,"Avenida Brasil",,"Twitter",,"ND",,,,,
"03/08/2018",0,"Rio de Janeiro","Santa Cruz",149,"Rola","Antares","GAM",,"ND",,,,"GAM",
"03/08/2018",1,"Rio de Janeiro",,"ND",,,"Twitter",,"ND",,,,,
"05/08/2018",0,"Rio de Janeiro","Cidade de Deus",118,,,"GAM",,"ND",,,,"GAM",
"06/08/2018",1,"Rio de Janeiro","Senador Camará",142,"Vila Aliança",,"SAER","Twitter","Mandados","G1","https://g1.globo.com/rj/rio-de-janeiro/noticia/2018/08/06/policia-do-rj-prende-integrantes-de-quadrilha-que-fazia-manutencao-e-vendia-fuzis-para-traficantes.ghtml","SAER;CORE;DESARME",,
"06/08/2018",0,"Rio de Janeiro","Jacarepaguá",115,,,"GAM",,"ND",,,,"GAM",
"06/08/2018",0,"Rio de Janeiro","Cidade de Deus",118,,,"Twitter",,"ND",,,,,
"07/08/2018",0,"Rio de Janeiro","Rocinha",154,,,"GAM",,"ND",,,,"GAM",
"08/08/2018",0,"Rio de Janeiro",,"ND","Estrada Grajaú","Jacarepaguá","GAM",,"ND",,,,"GAM",
"08/08/2018",0,"Niterói","Icarai",,"Morro do Cavalão",,"SAER",,"ND","G1","https://g1.globo.com/rj/rio-de-janeiro/noticia/2018/08/08/policia-civil-e-mp-rj-realizam-operacao-contra-o-trafico-de-drogas-em-niteroi.ghtml","SAER;CORE",,
"08/08/2018",0,"Rio de Janeiro","Santa Cruz",149,"Antares",,"Twitter",,"ND",,,,,
"10/08/2018",0,"Belford Roxo","Guaxa do Redentor",,"Favela da Guaxa","Santa Teresa;Morro Do Machado","SAER",,"ND","O Dia","https://odia.ig.com.br/rio-de-janeiro/2018/08/5565424-policia-civil-faz-operacao-em-comunidades-de-belford-roxo.html#foto=1","SAER;CORE",,
"13/08/2018",0,"Rio de Janeiro",,"ND",,,"Twitter",,"ND",,,,,
"14/08/2018",0,"Rio de Janeiro","Santa Cruz",149,"Antares",,"GAM",,"ND",,,,"GAM",
"14/08/2018",0,"Rio de Janeiro","Vidigal",30,,,"GAM",,"ND",,,,"GAM",
"14/08/2018",0,"Rio de Janeiro","Santa Cruz",149,"Favela do Antares",,"SAER",,"ND","G1","https://g1.globo.com/rj/rio-de-janeiro/noticia/2018/08/14/moradores-relatam-tiroteios-em-comunidades-das-zonas-sul-norte-e-oeste-do-rio.ghtml","SAER;CORE",,
"16/08/2018",0,"Rio de Janeiro","Tijuca",33,,,"GAM",,"ND",,,,"GAM",
"17/08/2018",0,"Rio de Janeiro","Complexo do Alemão",156,"Grota","Fazendinha;Canitar","Facebook",,"ND",,,,,
"17/08/2018",0,"Rio de Janeiro","Jacarepaguá",115,,,"GAM",,"ND",,,,"GAM",
"18/08/2018",0,"Rio de Janeiro","Jardim Sulacap",137,,,"SAER",,"ND",,,"SAER",,
"20/08/2018",0,"Rio de Janeiro","Vicente de Carvalho",73,"Juramentinho",,"GAM",,"ND",,,,"GAM",
"21/08/2018",0,"Rio de Janeiro","Penha",43,"Vila Cruzeiro",,"Facebook",,"ND",,,,,
"21/08/2018",0,"Rio de Janeiro","Benfica",12,"Arará",,"SAER",,"ND",,,"SAER",,
"21/08/2018",1,"Rio de Janeiro",,"ND",,,"Twitter",,"ND",,,,,
"22/08/2018",0,"Duque de Caxias","Jardim Gramacho",,,,"GAM",,"ND",,,,"GAM",
"22/08/2018",0,"Rio de Janeiro","Catumbi",6,"Morro da Mineira",,"SAER","Twitter","ND",,,"SAER",,
"22/08/2018",0,"Rio de Janeiro","Campo Grande",144,"KM 32",,"SAER",,"ND",,,,,
"24/08/2018",0,"Rio de Janeiro","Praça Seca",124,"Rua Barão","Morro do São José Operário","GAM",,"ND",,,,"GAM",
"24/08/2018",0,"Duque de Caxias",,,,,"GAM",,"ND",,,,"GAM",
"24/08/2018",0,"Angra dos Reis","Bairro Belém",,"Comunidade do Belém","Areal","SAER","G1","ND",,,"SAER;CORE",,
"27/08/2018",0,"Rio de Janeiro","Botafogo",20,"Santa Marta",,"GAM",,"ND",,,,"GAM",
"29/08/2018",0,"Rio de Janeiro","Jacarepaguá",115,"Serra","Grajaú","GAM",,"ND",,,,"GAM",
"01/09/2018",0,"Japeri",,,"São Jorge","São João","GAM",,"ND",,,,"GAM",
"01/09/2018",1,"São Gonçalo",,,"Lordial","Boaçu","SAER","Twitter","Vingança","Jornal Tijucas","http://jornaltijucas.com.br/geral/policia-militar-e-civil-realizam-operacao-em-comunidade-do-boacu-em-sao-goncalo/?utm_source=feedburner&utm_medium=twitter&utm_campaign=Feed%3A+http%2Fnewsgooglecombr%2Fnewsum1cfallnedpt-BR_brhlpt-BRsourcehpqsite3Ajornalfloripaco+%28Ag%C3%AAnciaBR+Not%C3%ADcias+%28www.agenciabr.com.br%29%29","SAER;CORE","72ª DP",
"03/09/2018",0,"São Gonçalo","Amendoreira",,"Morro da Alma",,"GAM",,"ND",,,,"GAM",
"03/09/2018",0,"Rio de Janeiro","Urca",22,"Morro da Urca",,"SAER","Portal R7","ND",,,"SAER;CORE",,
"05/09/2018",1,"Rio de Janeiro","Vila Kennedy",162,"Favela da Metral","Morro Do Retiro","Fogo Cruzado","Twitter","Combate a facções","Jornal Extra","https://oglobo.globo.com/rio/trafico-atira-contra-helicoptero-da-policia-civil-durante-operacao-na-vila-kennedy-23041327","SAER;CORE",,
"05/09/2018",0,"Rio de Janeiro","Urca",22,"Praia da Urca",,"SAER",,"ND",,,"SAER",,
"06/09/2018",0,"Rio de Janeiro","Vicente de Carvalho",73,"Serrinha",,"GAM",,"ND",,,,"GAM",
"08/09/2018",0,"Angra dos Reis",,,"Lambicada","Camorim Grande","GAM",,"ND",,,,"GAM",
"12/09/2018",0,"Rio de Janeiro","Cidade de Deus",118,,,"GAM",,"ND",,,,"GAM",
"13/09/2018",0,"Duque de Caxias","Mangueirinha",,,,"GAM",,"ND",,,,"GAM",
"17/09/2018",0,"Duque de Caxias","Complexo da Mangueirinha",,"Complexo da Magueirinha",,"SAER","Facebook","ND","O Dia","https://odia.ig.com.br/rio-de-janeiro/2018/09/5575531-policia-civil-realiza-operacao-na-mangueirinha.html","SAER;CORE",,
"18/09/2018",0,"Rio de Janeiro","Rio Comprido",7,"Fallet",,"GAM",,"ND",,,,"GAM",
"18/09/2018",0,"Rio de Janeiro","Senador Camará",142,"Vila Aliança",,"SAER","Twitter","ND","Record","https://recordtv.r7.com/cidade-alerta-rj/videos/policia-civil-deflagra-operacao-na-vila-alianca-19022020","SAER;CORE",,
"19/09/2018",0,"Rio de Janeiro","Lins de Vasconcelos",62,,,"GAM",,"ND",,,,"GAM",
"20/09/2018",0,"Rio de Janeiro",,"ND","Jacarezinho",,"GAM",,"ND",,,,"GAM",
"20/09/2018",0,"São Gonçalo",,,"Complexo do Salgueiro","Itaboraí","SAER",,"ND",,,"SAER",,
"21/09/2018",0,"Belford Roxo","Heliópolis",,"Castelar",,"SAER",,"ND",,,"SAER",,
"21/09/2018",0,"Belford Roxo",,,"Morro do Castelar",,"SAER",,"ND",,,,,
"22/09/2018",0,"Rio de Janeiro","Rocinha",154,,,"GAM",,"ND",,,,"GAM",
"22/09/2018",0,"ND",,,"Orla",,"SAER",,"ND",,,"SAER","GAM",
"23/09/2018",0,"Rio de Janeiro","Santa Cruz",149,"Rola","Antares;Aço","GAM",,"ND",,,,"GAM",
"23/09/2018",0,"Rio de Janeiro","Botafogo",20,"Santa Marta",,"GAM",,"ND",,,,"GAM",
"24/09/2018",0,"Rio de Janeiro","Copacabana",24,,,"GAM",,"ND",,,,"GAM",
"24/09/2018",0,"São Gonçalo","Complexo do Salgueiro",,"Complexo do Salgueiro","Itaóca","SAER","O Globo","ND",,,"SAER",,"PF"
"25/09/2018",0,"Rio de Janeiro","Manguinhos",39,,,"GAM",,"ND",,,,"GAM",
"25/09/2018",0,"Duque de Caxias","Parque das Missões",,"Parque das Missões",,"SAER","Facebook","ND","G1","https://g1.globo.com/rj/rio-de-janeiro/noticia/2018/09/25/policia-civil-faz-operacao-em-comunidade-de-duque-de-caxias-rj.ghtml","SAER;CORE",,
"26/09/2018",0,"Rio de Janeiro","Bangu",141,"Taquaral",,"SAER",,"ND",,,"SAER",,
"26/09/2018",0,"São Gonçalo","Salgueiro",,,,"SAER",,"ND",,,"SAER",,
"26/09/2018",1,"ND",,,,,"Twitter",,"ND",,,,,
"27/09/2018",0,"Rio de Janeiro","Maré",157,"Kelson",,"SAER","Twitter","ND",,,"SAER;CORE","22ª DP",
"01/10/2018",0,"Rio de Janeiro","Recreio dos Bandeirantes",132,,,"GAM",,"ND",,,,"GAM",
"02/10/2018",0,"Rio de Janeiro","Cidade de Deus",118,,,"GAM",,"ND",,,,"GAM",
"03/10/2018",0,"Rio de Janeiro","Vila Isabel",36,"Morro dos Macacos",,"GAM",,"ND",,,,"GAM",
"04/10/2018",0,"Rio de Janeiro","Praça Seca",124,"Bateau Mouche","Covanca;Barão","GAM",,"ND",,,,"GAM",
"05/10/2018",1,"Rio de Janeiro","Manguinhos",39,"Mandela",,"Twitter",,"ND",,,,,
"05/10/2018",1,"Rio de Janeiro","Senador Camará",142,"Vila Aliança",,"Twitter",,"ND",,,,,
"08/10/2018",0,"Rio de Janeiro","Santa Cruz",149,,,"GAM",,"ND",,,,"GAM",
"09/10/2018",0,"Rio de Janeiro","Complexo do Alemão",156,"Nova Brasília","Fazendinha","GAM",,"ND",,,,"GAM",
"09/10/2018",0,"Rio de Janeiro","Centro",5,,,"SAER",,"ND",,,"SAER",,
"11/10/2018",0,"São Gonçalo","Rocha",,,,"SAER",,"ND",,,"SAER",,
"13/10/2018",0,"Rio de Janeiro","Copacabana",24,"Tabajaras",,"GAM",,"ND",,,,"GAM",
"15/10/2018",0,"Rio de Janeiro","Copacabana",24,"Tabajaras","Pavão","GAM",,"ND",,,,"GAM",
"15/10/2018",0,"Rio de Janeiro","Cidade de Deus",118,,,"GAM",,"ND",,,,"GAM",
"15/10/2018",0,"São Gonçalo","Complexo do Salgueiro",,"Complexo do Salgueiro",,"Twitter",,"ND",,,,,
"17/10/2018",0,"Rio de Janeiro","Itanhangá",127,"Morro do Banco",,"GAM",,"ND",,,,"GAM",
"17/10/2018",0,"Rio de Janeiro","Estácio",9,"São Carlos","Catumbi;Mineira;Zinco;Querosene;Coroa","GAM",,"ND",,,,"GAM",
"18/10/2018",0,"Rio de Janeiro","Estácio",9,"Mineira","Catumbi;Zinco;São Carlos","GAM",,"ND",,,,"GAM",
"18/10/2018",0,"Rio de Janeiro","Rocinha",154,,"Lagoa","SAER",,"ND",,,"SAER",,
"19/10/2018",0,"Rio de Janeiro","Estácio",9,"São Carlos",,"GAM",,"ND",,,,"GAM",
"19/10/2018",0,"Rio de Janeiro","Jardim América",49,"Dique",,"SAER",,"ND",,,"SAER",,
"19/10/2018",1,"ND",,,,,"Twitter",,"ND",,,,,
"20/10/2018",0,"Rio de Janeiro","Vicente de Carvalho",73,"Morro do Juramento",,"GAM",,"ND",,,,"GAM",
"20/10/2018",1,"Rio de Janeiro","Campo Grande",144,"Estrada do Campinho",,"SAER","Twitter","ND",,,,,
"21/10/2018",0,"Rio de Janeiro","Copacabana",24,"Pavão Pavaozinho",,"GAM",,"ND",,,,"GAM",
"21/10/2018",0,"Rio de Janeiro","Cidade de Deus",118,,,"GAM",,"ND",,,,"GAM",
"21/10/2018",0,"Rio de Janeiro","Campo Grande",144,,,"SAER",,"ND",,,"SAER",,
"22/10/2018",0,"Rio de Janeiro","Cidade de Deus",118,,,"GAM",,"ND",,,,"GAM",
"22/10/2018",0,"Rio de Janeiro","Senador Camará",142,"Vila Aliança","Mangueiral","SAER","Twitter","ND",,,"SAER",,
"22/10/2018",0,"Rio de Janeiro","Vila Kennedy",162,,,"Twitter",,"ND",,,,,
"23/10/2018",0,"Rio de Janeiro","Vicente de Carvalho",73,"Juramento",,"GAM",,"ND",,,,"GAM",
"23/10/2018",0,"Rio de Janeiro","Botafogo",20,"Santa Marta","Copacabana;Leme;Chapéu Mangueira;Babilõnia;Pavão Pavaozinho;Cantagalo;Tabajaras","GAM",,"ND",,,,"GAM",
"24/10/2018",0,"Rio de Janeiro","Vicente de Carvalho",73,"Juramento",,"GAM",,"ND",,,,"GAM",
"24/10/2018",0,"Rio de Janeiro","Catumbi",6,"São Carlos","Mineira;Zinco","GAM",,"ND",,,,"GAM",
"26/10/2018",0,"Belford Roxo",,,,,"GAM",,"ND",,,,"GAM",
"27/10/2018",1,"ND",,,,,"Twitter",,"ND",,,,,
"30/10/2018",0,"Rio de Janeiro","Vicente de Carvalho",73,"Juramento",,"GAM",,"ND",,,,"GAM",
"31/10/2018",0,"Rio de Janeiro","Barros Filho",112,,,"GAM",,"ND",,,,"GAM",
"31/10/2018",0,"Rio de Janeiro","Cidade de Deus",118,,,"GAM",,"ND",,,,"GAM",
"01/11/2018",0,"Rio de Janeiro","Pilares",71,"Morro do Urubu",,"SAER","Twitter","Mandados","O Globo","https://oglobo.globo.com/rio/policia-faz-operacao-para-prender-traficantes-que-se-disfarcavam-de-mototaxistas-23203747","SAER;CORE",,
"05/11/2018",0,"Rio de Janeiro","Penha",43,"Moro da Fé","Morro do Sereno","GAM",,"ND",,,,"GAM",
"05/11/2018",0,"Rio de Janeiro","Padre Miguel",140,"Vila Vintém","Realengo","SAER","Twitter","ND","R7","https://noticias.r7.com/rio-de-janeiro/rj-homem-morre-e-outro-fica-ferido-em-acao-contra-roubo-de-roteadores-05112018","SAER;CORE",,
"06/11/2018",0,"Rio de Janeiro","Complexo do Alemão",156,"Fazendinha","Palmeirinha","GAM",,"ND",,,,"GAM",
"06/11/2018",0,"Rio de Janeiro","Maré",157,"Nova Holanda","Parque União","GAM",,"ND",,,,"GAM",
"07/11/2018",0,"Rio de Janeiro","Estácio",9,"Complexo do São Carlos",,"GAM",,"ND",,,,"GAM",
"07/11/2018",0,"Rio de Janeiro","Catumbi",6,"Morro do Querosene",,"GAM",,"ND",,,,"GAM",
"08/11/2018",0,"Rio de Janeiro","Estácio",9,"Mineira","Rio Comprido;Catumbi;Coroa;Fallet;Fogueteiro;Paula Ramos;Turano","GAM",,"ND",,,,"GAM",
"09/11/2018",0,"Rio de Janeiro","Jardim Carioca",100,"Complexo do Dendê","Moneró;Cocotá; Cacuia;Tauá;Bancários","GAM","Twitter","ND",,,,"GAM",
"09/11/2018",0,"Rio de Janeiro","Jacarezinho",155,"Cidade da Polícia",,"SAER",,"ND",,,"SAER",,
"11/11/2018",0,"Nova Iguaçu","Comendador Soares",,,,"GAM",,"ND",,,,"GAM",
"12/11/2018",1,"Rio de Janeiro","Campinho",78,,,"SAER","Twitter","Combate a milícia","O Globo","https://oglobo.globo.com/rio/tres-pms-sao-presos-em-operacao-para-combater-milicia-em-campinho-23229232","SAER",,
"12/11/2018",0,"Rio de Janeiro","Penha",43,"Morro da Fé",,"GAM",,"ND",,,,"GAM",
"12/11/2018",0,"Itaboraí","Reta Velha",,"Reta Velha",,"Twitter",,"ND",,,,,
"14/11/2018",0,"Belford Roxo",,,"Comunidade da Gaucha","Santa Teresa;Gogo da Ema","GAM",,"ND",,,,"GAM",
"16/11/2018",0,"Rio de Janeiro","Manguinhos",39,"Mandela","Varginha","GAM",,"ND",,,,"GAM",
"17/11/2018",0,"Rio de Janeiro","Complexo do Alemão",156,"Fazendinha",,"GAM",,"ND",,,,"GAM",
"19/11/2018",0,"Rio de Janeiro","Santa Teresa",14,"Fallet","Catumbi;Fogueteiro;Morro dos Prazeres","GAM",,"ND",,,,"GAM",
"21/11/2018",1,"Rio de Janeiro","Penha",43,"Vila Cruzeiro","Caixa D' Agua;Morro do Sereno","SAER","Facebook","ND","G1","https://g1.globo.com/rj/rio-de-janeiro/noticia/2018/11/21/helicoptero-da-policia-civil-quase-e-atingido-por-tiro-durante-operacao-no-complexo-do-alemao-veja-imagens.ghtml","SAER;CORE",,
"22/11/2018",0,"Rio de Janeiro","Santo Cristo",3,"Morro da Providência","Gamboa;Morro do Pinto","GAM",,"ND",,,,"GAM",
"23/11/2018",0,"Rio de Janeiro","Jacarepaguá",115,,"ND","SAER",,"ND",,,"SAER",,
"24/11/2018",0,"Rio de Janeiro","Penha",43,,,"Facebook",,"ND",,,,,
"26/11/2018",0,"Itaboraí",,,"Reta Velha",,"SAER",,"ND",,,"SAER",,
"26/11/2018",1,"São Gonçalo",,,,,"Twitter",,"ND",,,,,
"28/11/2018",0,"Rio de Janeiro","Jardim Carioca",100,"Complexo do Dendê","Moneró;Cocotá; Cacuia;Tauá;Bancários","GAM",,"ND",,,,"GAM",
"28/11/2018",0,"Rio de Janeiro","Penha",43,"Kelson",,"GAM",,"ND",,,,"GAM",
"28/11/2018",0,"Rio de Janeiro","Baía de Guanabara","ND",,,"GAM",,"ND",,,,"GAM",
"28/11/2018",0,"Duque de Caxias",,,,"ND","SAER",,"ND",,,"SAER",,
"29/11/2018",0,"Rio de Janeiro","Maré",157,"Conjunto Esperança",,"GAM",,"ND",,,,"GAM",
"29/11/2018",0,"Niterói","Jardim Carioca",100,"Morro da Grota",,"GAM",,"ND",,,,"GAM",
"29/11/2018",0,"São Gonçalo",,,,,"SAER",,"ND",,,,"GAM",
"30/11/2018",0,"Rio de Janeiro","Jardim Carioca",100,"Complexo do Dendê","Moneró;Cocotá; Cacuia;Tauá;Bancários","GAM",,"ND",,,,"GAM",
"30/11/2018",0,"Rio de Janeiro","Maré",157,"Vila do João",,"GAM",,"ND",,,,"GAM",
"30/11/2018",0,"Angra dos Reis","Comunidade do Sapinhatuba",,,,"GAM",,"ND",,,,"GAM",
"30/11/2018",1,"Rio de Janeiro","Manguinhos",39,"Mandela",,"Twitter",,"ND","O Globo","https://oglobo.globo.com/rio/tiroteio-cancela-festa-de-fim-de-ano-de-escola-em-manguinhos-videos-23271219",,,
"01/12/2018",0,"Rio de Janeiro","Caju",4,,,"GAM",,"ND",,,,"GAM",
"04/12/2018",0,"Rio de Janeiro","Maré",157,"Vila dos Pinheiros",,"GAM",,"ND",,,,"GAM",
"04/12/2018",0,"Rio de Janeiro","Senador Camará",142,,,"SAER",,"ND",,,"SAER",,
"05/12/2018",0,"Rio de Janeiro","Jardim Carioca",100,"Complexo do Dendê","Moneró;Cocotá;Cacuia;Tauá;Bancários","GAM",,"ND",,,,"GAM",
"06/12/2018",0,"Rio de Janeiro","Vigário Geral",48,"Furquim Mendes","FICAP","SAER","OTT-RJ","ND",,,"SAER;CORE",,
"06/12/2018",0,"Rio de Janeiro","Jardim América",49,"Favela do Dique",,"SAER","Twitter","ND",,,"SAER;CORE",,
"09/12/2018",0,"Rio de Janeiro","Cidade de Deus",118,,,"GAM",,"ND",,,,"GAM",
"10/12/2018",0,"Rio de Janeiro","Jacaré",51,"Jacarezinho",,"GAM",,"ND",,,,"GAM",
"10/12/2018",0,"Rio de Janeiro","Bangu",141,"Catiri",,"SAER","Facebook","ND","O Dia","https://odia.ig.com.br/rio-de-janeiro/2018/12/5601060-policia-prende-tres-milicianos-de-catiri-em-bangu.html","SAER;DRACO",,
"10/12/2018",0,"Rio de Janeiro","Jardim Carioca",100,"Complexo do Dendê",,"Twitter",,"ND",,,,,
"11/12/2018",0,"Rio de Janeiro","Pitangueiras",94,"Boogie Oogie","Tauá;Praia da Rosa","GAM",,"ND",,,,"GAM",
"11/12/2018",0,"Rio de Janeiro","Pavuna",114,,,"SAER","Facebook","ND",,,"SAER;CORE",,
"12/12/2018",0,"Japeri","Engenheiro Pedreira",,"Parque Gandu","São João","GAM",,"ND",,,,"GAM",
"13/12/2018",1,"Angra dos Reis","Complexo do Frade",,"Morro da Constância",,"Twitter",,"Diligência","O Globo","https://oglobo.globo.com/rio/policiais-civis-sao-encurralados-por-traficantes-em-favela-de-angra-dos-reis-23302179   https://www.facebook.com/OTTRJ/videos/1956621297978544/?v=1956621297978544","SAER;CORE",,
"13/12/2018",0,"Rio de Janeiro","Praça Seca",124,,,"GAM",,"ND",,,,"GAM",
"13/12/2018",0,"Rio de Janeiro","Costa Barros",113,"Morro da Pedreira",,"SAER",,"ND",,,"SAER;CORE",,
"14/12/2018",0,"Rio de Janeiro","Taquara",122,"Comunidade Santa Maria",,"GAM",,"ND",,,,"GAM",
"14/12/2018",0,"Niterói","Barreto",,"Morro do Castro","Venda da Cruz;Engenhoca;Baldeador","SAER","Twitter","ND",,,"SAER;CORE",,
"18/12/2018",0,"Rio de Janeiro","Tijuca",33,"Morro do Salgueiro",,"GAM",,"ND",,,,"GAM",
"18/12/2018",1,"Rio de Janeiro","Caju",4,,,"Twitter",,"ND",,,,,
"19/12/2018",0,"Rio de Janeiro","Tijuca",33,"Morro do Salgueiro",,"GAM",,"ND",,,,"GAM",
"19/12/2018",0,"Angra dos Reis","Complexo do Frade",,"Morro da Constância",,"SAER","G1","ND","G1","https://g1.globo.com/rj/sul-do-rio-costa-verde/noticia/2018/12/19/operacao-cumpre-mandados-de-prisao-no-frade-em-angra-dos-reis.ghtml","SAER;CORE",,
"19/12/2018",1,"Rio de Janeiro","Caju",4,,,"Twitter",,"ND",,,,,
"19/12/2018",1,"Rio de Janeiro","Ipanema",25,"Orla",,"Twitter",,"ND",,,,,
"20/12/2018",0,"Rio de Janeiro","Santa Cruz",149,"Antares","Aço;Rodo;Três Pontes","SAER","O Dia","ND","O Dia","https://odia.ig.com.br/rio-de-janeiro/2018/12/5604273-megaoperacao-contra-milicia-busca-cumprir-118-mandados-de-prisao.html#foto=1","SAER;CORE",,
"26/12/2018",0,"Rio de Janeiro","Botafogo",20,"Dona Marta","Copacabana; Leme;Urca;Cantagalo;Pavão;Chapéu Mangueira;Babilônia","GAM",,"ND",,,,"GAM",
"27/12/2018",0,"Rio de Janeiro","Pitangueiras",94,"Boogie Oogie","Jardim Carioca;Moneró;Cocotá; Cacuia;Tauá;Bancários;Complexo do Dendê","GAM",,"ND",,,,"GAM",
"27/12/2018",0,"Rio de Janeiro","Praça Seca",124,"Comunidade da Chacrinha",,"GAM",,"ND",,,,"GAM",
"28/12/2018",0,"Rio de Janeiro","Penha",43,"Parque Proletário","Chatuba;Vila Cruzeiro","GAM",,"ND",,,,"GAM",
"28/12/2018",0,"Niterói","Barreto",,"Morro do Castro",,"SAER","Twitter","ND","O Fluminense","http://www.ofluminense.com.br/pt-br/pol%C3%ADcia/confronto-durante-opera%C3%A7%C3%A3o-da-pol%C3%ADcia-no-morro-do-castro","SAER;CORE",,
"28/12/2018",0,"São Gonçalo","Morro do Castro",,,,"Twitter",,"ND",,,"SAER;CORE",,
"30/12/2018",0,"Rio de Janeiro","Recreio dos Bandeirantes",132,"Salvador Allende",,"SAER","Youtube","ND","OTT-RJ","https://www.youtube.com/watch?v=bh9tws73AO0","SAER;CORE",,
"31/12/2018",0,"Rio de Janeiro","Orla","ND",,,"SAER",,"ND",,,"SAER;CORE",,
"04/01/2019",0,"Rio de Janeiro","Guaratiba",151,,,"GAM",,"ND",,,,"GAM",
"06/01/2019",1,"Rio de Janeiro","Manguinhos",39,"Arará","Benfica;Bandeira 2;Del Castilho;CCPL Morar Carioca;Del Castilho;Jacarezinho;Mandela;Benfica;Manguinhos","Observatório da Intervenção","Facebook","Vingança","G1","https://g1.globo.com/rj/rio-de-janeiro/noticia/2019/01/06/policias-militar-e-civil-do-rj-fazem-operacao-para-tentar-prender-assassinos-de-pm.ghtml","SAER;CORE","GAM",
"08/01/2019",0,"Rio de Janeiro","Jacarezinho",155,"Beco do Lacerda",,"GAM",,"Diligência",,,,"GAM",
"10/01/2019",0,"Rio de Janeiro","Praça Seca",124,"Bateau Mouche","Chacrinha","GAM","O Globo","Combate a facções;Combate a milícia",,,,"GAM",
"24/01/2019",1,"Rio de Janeiro","Maré",157,"Morro do Timbau",,"Maré Vive",,"ND","Jornal Extra","https://extra.globo.com/casos-de-policia/tiroteio-assusta-moradores-do-morro-do-timbau-na-mare-veja-video-23399335.html",,,
"25/01/2019",0,"São Gonçalo","Complexo do Salgueiro",,,,"GAM","Jornal Band News","ND",,,,"GAM",
"25/01/2019",0,"Rio de Janeiro","Maré",157,,,"Observatório da Intervenção",,"ND",,,,,
"30/01/2019",1,"Rio de Janeiro","Senador Camará",142,"Coréia",,"Fogo Cruzado","Youtube","Combate a facções","O Dia","https://odia.ig.com.br/rio-de-janeiro/2019/01/5616264-moradores-de-senador-camara-registram-helicoptero-da-policia-atirando-contra-criminosos.html",,,
"31/01/2019",0,"Japeri",,,,"Paracambi","GAM",,"Apoio",,,,"GAM",
"01/02/2019",0,"São Gonçalo","Complexo do Salgueiro",,,,"GAM","Jornal O São Gonçalo","Mandados",,,,"BAC;COE",
"08/02/2019",0,"São Gonçalo","Guaxiiba",,,,"GAM",,"Apoio",,,,"GAM",
"08/02/2019",0,"Rio de Janeiro","Bangu",141,"Taquaral",,"GAM",,"Diligência",,,,"GAM",
"15/02/2019",0,"São Gonçalo","Anaia Grande",,,,"GAM",,"ND",,,,"GAM",
"16/02/2019",0,"ND",,,"Cruzeiro",,"GAM",,"ND",,,,"GAM",
"19/02/2019",0,"Rio de Janeiro","Penha",43,"Complexo da Penha",,"GAM",,"Combate a facções",,,,"GAM",
"20/02/2019",0,"Rio de Janeiro","Senador Camará",142,"Vila Aliança",,"Facebook",,"ND","G1","https://g1.globo.com/rj/rio-de-janeiro/noticia/2019/02/20/policia-faz-operacoes-nas-zonas-norte-e-oeste-do-rio-moradores-de-vila-alianca-acordam-ao-som-de-tiros.ghtml",,,
"20/02/2019",0,"Rio de Janeiro","Vigário Geral",48,,,"Observatório da Intervenção",,"ND",,,,,
"21/02/2019",0,"São Gonçalo","Complexo do Salgueiro",,"Conjunto da Marinha",,"GAM",,"Apoio",,,,"GAM",
"21/02/2019",1,"Rio de Janeiro","Cidade de Deus",118,"AP",,"Fogo Cruzado","Facebook","ND","G1","https://g1.globo.com/rj/rio-de-janeiro/noticia/2019/02/21/policia-civil-faz-operacao-no-rj.ghtml",,,
"23/02/2019",0,"São Gonçalo","Complexo do Salgueiro",,,,"GAM",,"Busca",,,,"GAM",
"23/02/2019",0,"Rio de Janeiro","Acari",111,,,"GAM",,"ND",,,,"GAM",
"27/02/2019",1,"Rio de Janeiro","Estácio",9,"São Carlos",,"Fogo Cruzado","Twitter","ND","Jornal Extra","https://extra.globo.com/casos-de-policia/helicopteros-da-policia-atiram-do-alto-na-direcao-do-morro-do-sao-carlos-dizem-moradores-23485505.html",,,
"27/02/2019",0,"Rio de Janeiro","Jardim Carioca",100,"Complexo do Dendê","Moneró;Cocotá; Cacuia;Tauá;Bancários","GAM","SBT","ND",,,,"GAM",
"06/03/2019",0,"Rio de Janeiro","Centro",5,,,"GAM",,"ND",,,,"GAM",
"08/03/2019",1,"Rio de Janeiro","Complexo do Alemão",156,,,"Fogo Cruzado","Twitter","Combate a facções","G1","https://g1.globo.com/rj/rio-de-janeiro/noticia/2019/03/08/moradores-relatam-intenso-tiroteio-no-complexo-do-alemao-zona-norte-do-rio.ghtml",,,
"12/03/2019",0,"Rio de Janeiro","Praça Seca",124,"Comunidade da Barão","Bateau Mouche","GAM",,"ND",,,,"GAM",
"15/03/2019",0,"Rio de Janeiro","Madureira",83,"Serrinha",,"GAM",,"ND",,,,"GAM",
"16/03/2019",0,"Rio de Janeiro","Praça Seca",124,,,"Observatório da Intervenção",,"ND",,,,,
"18/03/2019",0,"Rio de Janeiro","Lins de Vasconcelos",62,"Morro do Gamba","Engenho de Dentro;Camarista Meier","GAM",,"ND",,,,"GAM",
"19/03/2019",1,"Rio de Janeiro","Cidade de Deus",118,"Karatê",,"Fogo Cruzado","Twitter","ND","Jornal Meia Hora","https://meiahora.ig.com.br/geral/policia/2019/03/5627553-policia-faz-operacao-na-cidade-de-deus-e-moradores-relatam-intensa-troca-de-tiros.html",,,
"20/03/2019",1,"Rio de Janeiro","Tijuca",33,"Morro do Borel",,"SAER","Twitter","Mandados","Rio On Watch","http://www.rioonwatch.org/?p=52263","SAER",,
"20/03/2019",0,"São Gonçalo","Mutondo",,"Morro da Chumbada",,"OTT-RJ",,"ND","Gnews Portal de Notícias","https://gnewsportaldenoticias.com.br/noticia/1517/dois-homens-presos-em-operacao-no-morro-da-chumbad.html",,,
"21/03/2019",1,"Rio de Janeiro","Senador Camará",142,"Morro do Sapo","Rebu","SAER","Twitter","Mandados","Jornal Band","https://bandnewsfmrio.com.br/editorias-detalhes/policia-civil-faz-operacao-na-favela-do-rebu",,,
"21/03/2019",0,"Rio de Janeiro","Cidade de Deus",118,,,"GAM",,"ND",,,,"GAM",
"22/03/2019",0,"Rio de Janeiro","Maré",157,"Favela da Kelson",,"SAER","OTT-RJ","ND","O Dia","https://odia.ig.com.br/rio-de-janeiro/2019/03/5628593-policia-prende-13-criminosos-presos-em-operacao-na-zona-norte.html","SAER",,
"25/03/2019",0,"Rio de Janeiro","Tanque",123,"Covanca",,"Twitter",,"ND",,,,,
"26/03/2019",0,"Rio de Janeiro","Costa Barros",113,"Chapadão",,"GAM",,"ND",,,,"GAM",
"26/03/2019",0,"Duque de Caxias",,,,,"GAM",,"ND",,,,"GAM",
"26/03/2019",0,"Rio de Janeiro","Santa Cruz",149,"Favela do Rola",,"SAER",,"ND","G1","https://g1.globo.com/rj/rio-de-janeiro/noticia/2019/03/26/mulher-morre-durante-operacao-da-policia-na-comunidade-do-rola-zona-oeste-do-rio.ghtml",,,
"27/03/2019",0,"Rio de Janeiro","Estácio",9,,,"GAM",,"ND",,,,"GAM",
"27/03/2019",0,"Rio de Janeiro","Santa Teresa",14,"Morro dos Prazeres",,"Observatório da Intervenção",,"ND",,,,,
"27/03/2019",0,"Rio de Janeiro","Maré",157,"Nova Holanda","Parque União","SAER","Redes da Maré","ND",,,,,
"01/04/2019",0,"Rio de Janeiro","Paciência",148,,,"SAER",,"ND",,,"SAER",,
"05/04/2019",0,"São Gonçalo","Complexo do Salgueiro",,,,"GAM",,"ND",,,,"GAM",
"06/04/2019",0,"Itaboraí","Itaboraí",,"Itaboraí",,"Piloto Policial",,"ND",,,,,
"08/04/2019",0,"Niterói","Complexo do Viradouro",,"Morro do Beltrão","Morro Souza Soares;Santa Rosa","SAER","OTT-RJ","ND",,,"SAER",,
"10/04/2019",1,"Rio de Janeiro","Praça Seca",124,"Bateau Mouche",,"SAER","Facebook","Combate a facções","Jornal Band","https://bandnewsfmrio.com.br/editorias-detalhes/policia-militar-faz-operacao-em-diferentes-po2","SAER",,
"11/04/2019",0,"Rio de Janeiro",,"ND","Barão","Bateau Mouche;Caixa D'agua","GAM",,"ND",,,,"GAM",
"12/04/2019",0,"Rio de Janeiro","Praça Seca",124,"São José Operario","Bateau Mouche;Jordão","GAM",,"ND",,,,"GAM",
"12/04/2019",0,"Rio de Janeiro","Manguinhos",39,,,"SAER","Facebook","ND","G1","https://g1.globo.com/rj/rio-de-janeiro/noticia/2019/04/12/motorista-de-caminhao-e-feito-refem-durante-roubo-de-carga-em-manguinhos.ghtml",,,
"14/04/2019",0,"Rio de Janeiro","Madureira",83,"Serrinha",,"SAER","Monte Sinai","ND",,,,,
"16/04/2019",0,"Rio de Janeiro","Cidade de Deus",118,,,"SAER","G1","ND","G1","https://g1.globo.com/rj/rio-de-janeiro/noticia/2019/04/16/policia-realiza-operacao-na-cidade-de-deus-zona-oeste-do-rio.ghtml",,,
"17/04/2019",0,"Rio de Janeiro","Paciência",148,"Paciência",,"SAER",,"ND","G1","https://g1.globo.com/rj/rio-de-janeiro/noticia/2019/04/17/policia-prende-suspeito-de-integrar-grupo-de-milicia-na-zona-oeste-do-rio.ghtml",,,
"18/04/2019",1,"Rio de Janeiro","Vicente de Carvalho",73,"Juramento",,"SAER","OTT-RJ","Combate a facções",,,"SAER",,
"19/04/2019",0,"Rio de Janeiro","Santa Teresa",14,"Fallet","Fogueteiro;Coroa","GAM",,"ND",,,,"GAM",
"21/04/2019",0,"Rio de Janeiro","Praça Seca","ND",,,"GAM",,"ND",,,,"GAM",
"24/04/2019",0,"Rio de Janeiro","Cidade de Deus",118,"AP","Karatê;13;14","Observatório da Intervenção","Facebook","ND","G1","https://g1.globo.com/rj/rio-de-janeiro/noticia/2019/04/24/pm-faz-operacao-na-cidade-de-deus-na-zona-oeste-do-rio.ghtml",,"GAM",
"25/04/2019",0,"Rio de Janeiro","Cidade de Deus",118,,,"Observatório da Intervenção","Facebook","ND",,,,,
"26/04/2019",0,"Rio de Janeiro","Maré",157,,,"GAM",,"ND",,,,"GAM",
"26/04/2019",0,"São Gonçalo","Jardim Catarina",,"Jardim Catarina",,"Twitter",,"ND",,,,,
"29/04/2019",0,"São Gonçalo","Complexo do Salgueiro",,,,"Observatório da Intervenção","Facebook","ND","OTT-RJ","https://www.facebook.com/OTTRJ/videos/444114503063208/",,,
"30/04/2019",0,"Rio de Janeiro","Complexo do Alemão",156,"Nova Brasília","Fazendinha","GAM",,"ND",,,,"GAM",
"02/05/2019",0,"São Gonçalo","Complexo das Almas",,,,"GAM",,"ND",,,,"GAM",
"03/05/2019",0,"Nova Friburgo",,,,,"GAM",,"ND",,,,"GAM",
"04/05/2019",0,"Itaboraí",,,,,"GAM",,"ND",,,,"GAM",
"04/05/2019",1,"Angra dos Reis","Complexo do Frade",,"Japuíba","Sapinhatuba","Observatório da Intervenção","Facebook","ND","O Dia","https://odia.ig.com.br/rio-de-janeiro/2019/05/5639169-core-faz-megaoperacao-em-comunidades-de-angra-dos-reis.html#foto=1",,,
"06/05/2019",1,"Rio de Janeiro","Maré",157,"Vila do João","Conjunto Esperança","Redes da Maré",,"Mandados","G1","https://g1.globo.com/rj/rio-de-janeiro/noticia/2019/05/06/operacao-da-policia-",,,
"07/05/2019",0,"São Gonçalo","Complexo do Salgueiro",,,,"GAM",,"ND",,,,"GAM",
"08/05/2019",0,"Rio de Janeiro","Engenho da Rainha",55,"Morro do Engenho",,"Observatório da Intervenção","O Dia","ND","O Dia","https://odia.ig.com.br/rio-de-janeiro/2019/05/5640250-pm-faz-operacao-em-comunidade-do-engenho-da-rainha-e-moradores-relatam-tiros.html",,,
"10/05/2019",0,"Rio de Janeiro","Vidigal",30,"Vidigal",,"Twitter",,"ND","Jornal do Brasil","https://www.jb.com.br/rio/2019/05/999075-policia-faz-operacao-no-morro-do-vidigal.html",,,
"13/05/2019",1,"Rio de Janeiro","Maré",157,"Nova Holanda","Rubens Vaz;Parque União","Redes da Maré",,"Mandados","O Dia","https://odia.ig.com.br/rio-de-janeiro/2019/05/5642140-intenso-tiroteio-assusta-moradores-do-complexo-da-mare.html",,,
"20/05/2019",0,"São Gonçalo","Jardim Miriambi",,"Ciep 122 Ermezia Dionisio Necco",,"Fogo Cruzado",,"ND","G1","https://g1.globo.com/rj/rio-de-janeiro/noticia/2019/05/21/alunos-e-funcionarios-de-ciep-se-assustam-com-tiroteio-em-sao-goncalo-rj-video.ghtml",,,
"20/05/2019",0,"Rio de Janeiro","Estácio",9,"São Carlos",,"GAM",,"ND",,,,"GAM",
"22/05/2019",0,"Rio de Janeiro","Pavuna",114,"Chapadão",,"Fogo Cruzado",,"Combate a facções","G1","https://g1.globo.com/rj/rio-de-janeiro/noticia/2019/05/22/policia-faz-operacao-no-complexo-do-chapadao-na-zona-norte-do-rio.ghtml","SAER","GAM",
"24/05/2019",0,"Rio de Janeiro","Madureira",83,"Serrinha",,"Twitter",,"ND",,,,,
"02/06/2019",0,"Rio de Janeiro","Quintino Bocaiúva",79,"Morro do Fubá",,"GAM",,"ND",,,,"GAM",
"03/06/2019",0,"Rio de Janeiro","Cascadura",82,"Morro do Fubá","Quintino Bocaiuva;Campinho;Saçu","GAM",,"ND",,,,"GAM",
"06/06/2019",1,"Duque de Caxias","Complexo da Mangueirinha",,"Mangueirinha",,"Observatório da Intervenção","Twitter","Combate a roubo","Jornal Extra","https://www.google.com/amp/s/extra.globo.com/casos-de-policia/operacao-da-policia-civil-na-mangueirinha-em-caxias-tem-mais-de-20-presos-23721058.html%3fversao=amp",,,
"10/06/2019",0,"Rio de Janeiro","Maré",157,"Parque União","Nova Holanda","GAM","Observatório da Intervenção","ND","G1","https://g1.globo.com/rj/rio-de-janeiro/noticia/2019/06/10/policia-faz-operacao-no-complexo-da-mare-na-zona-norte-do-rio.ghtml",,"GAM",
"11/06/2019",0,"Rio de Janeiro","Maré",157,,,"GAM",,"ND",,,,"GAM",
"11/06/2019",0,"São Gonçalo","Complexo do Salgueiro",,"Salgueiro",,"Observatório da Intervenção","Twitter","ND","O Dia","https://odia.ig.com.br/rio-de-janeiro/2019/06/5652064-sete-pessoas-sao-presas-em-operacao-contra-o-trafico-no-complexo-do-salgueiro.html",,,
"12/06/2019",1,"Rio de Janeiro","Cidade de Deus",118,"Karatê","Lazer 69;Ponte Nova","Fogo Cruzado",,"ND","O Globo","https://oglobo.globo.com/rio/helicoptero-da-policia-faz-disparos-do-alto-durante-operacao-na-cidade-de-deus-23734228",,,
"12/06/2019",0,"Rio de Janeiro","Complexo do Alemão",156,,,"GAM","Fogo Cruzado","ND",,,,"GAM",
"12/06/2019",0,"Rio de Janeiro","Maré",157,,,"GAM",,"ND",,,,"GAM",
"13/06/2019",0,"Rio de Janeiro","Costa Barros",113,"Chapadão",,"GAM",,"ND",,,,"GAM",
"13/06/2019",0,"Rio de Janeiro","Jardim Carioca",100,"Complexo do Dendê","Moneró;Cocotá; Cacuia;Tauá;Bancários","GAM",,"ND",,,,"GAM",
"13/06/2019",0,"Rio de Janeiro","Cidade de Deus",118,"Região do 13",,"Observatório da Intervenção","Twitter","ND",,,,,
"14/06/2019",0,"São Gonçalo","Comunidade do Gato",,,,"GAM",,"ND",,,,"GAM",
"15/06/2019",0,"Maricá",,,"Mata",,"GAM",,"ND",,,,"GAM",
"17/06/2019",0,"Rio de Janeiro","Guadalupe",106,"Gogó da Ema",,"GAM",,"ND",,,,"GAM",
"22/06/2019",1,"Duque de Caxias","Vila Sarapui",,,,"Twitter","Twitter","Mandados","O Dia","https://odia.ig.com.br/rio-de-janeiro/2019/06/5656010-policia-civil-prende-um-dos-chefes-do-trafico-de-drogas-do-morro-da-formiga.html",,,
"24/06/2019",0,"Niterói","Favela do Caramujo",,,,"GAM",,"ND",,,,"GAM",
"25/06/2019",0,"Niterói","Complexo do Viradouro",,"Grota",,"GAM",,"ND",,,,"GAM",
"30/06/2019",1,"Rio de Janeiro","Manguinhos",39,"Varginha","Mandela;Vila Turismo","Facebook",,"ND",,,"SAER",,
"30/06/2019",0,"Rio de Janeiro","Guadalupe",106,"Gogó da Ema",,"GAM",,"ND",,,,"GAM",
"01/07/2019",0,"Rio de Janeiro","Água Santa",67,"Morro do Dezoito",,"GAM",,"ND","G1","https://g1.globo.com/rj/rio-de-janeiro/noticia/2019/07/01/policiais-sao-feridos-e-suspeitos-mortos-em-tiroteio-em-agua-santa-zona-norte-do-rio.ghtml",,"GAM",
"02/07/2019",0,"Rio de Janeiro","Maré",157,,,"GAM",,"ND",,,,"GAM",
"03/07/2019",0,"Rio de Janeiro","Itanhangá",127,,,"GAM",,"ND",,,,"GAM",
"05/07/2019",0,"Rio de Janeiro","Campinho",78,"Morro do Fubá",,"OTT-RJ",,"ND",,,,,
"06/07/2019",0,"Rio de Janeiro","Praça Seca",124,"Barão ",,"GAM",,"ND",,,,"GAM",
"09/07/2019",0,"Niterói","Complexo do Viradouro",,,"Complexo da Grota","GAM",,"ND",,,,"GAM",
"09/07/2019",0,"Belford Roxo","Guaxa do Redentor",,"Guacha","Gogo Da Ema","Twitter",,"ND",,,,,
"10/07/2019",1,"Rio de Janeiro","Cidade de Deus",118,"Karatê",,"Fogo Cruzado",,"ND","Jornal Extra","https://extra.globo.com/casos-de-policia/moradores-da-cidade-de-deus-relatam-tiros-disparados-de-helicoptero-em-acao-policial-23796072.html","SAER",,
"10/07/2019",0,"Rio de Janeiro","Rio Comprido",7,"Complexo do Turano",,"GAM",,"ND",,,,,
"12/07/2019",1,"São Gonçalo","Complexo do Salgueiro",,,,"GAM","Twitter","Combate a facções",,,,,
"12/07/2019",0,"Rio de Janeiro","Manguinhos",39,,,"Facebook",,"ND",,,"SAER",,
"14/07/2019",1,"Rio de Janeiro","Jacarezinho",155,"Beira do Rio","Buraco do Lacerda","Twitter",,"ND",,,,,
"15/07/2019",1,"Rio de Janeiro","Santa Teresa",14,"Morro da Coroa",,"Fogo Cruzado","Twitter","Combate a facções",,,,,
"18/07/2019",1,"Rio de Janeiro","Maré",157,"Nova Holanda",,"GAM","Twitter","ND",,,,,
"19/07/2019",0,"Rio de Janeiro","Costa Barros",113,"Chapadão",,"GAM",,"ND",,,,,
"20/07/2019",1,"Rio de Janeiro","Penha",43,,,"GAM","Twitter","ND",,,,,
"25/07/2019",1,"Rio de Janeiro","Madureira",83,"Serrinha",,"GAM","Twitter","ND",,,,,
"27/07/2019",0,"São Gonçalo","Jardim Bom Retiro",,,,"GAM",,"ND",,,,,
"29/07/2019",0,"Niterói","Centro",5,,,"GAM",,"ND",,,,,
"30/07/2019",0,"Rio de Janeiro","Jacaré",51,,,"GAM",,"ND",,,,,
"31/07/2019",0,"Rio de Janeiro","Madureira",83,"Serrinha",,"GAM",,"ND",,,,,
"31/07/2019",1,"Rio de Janeiro",,"ND",,,"Twitter",,"ND",,,,,
"01/08/2019",0,"Rio de Janeiro","Madureira",83,"Serrinha",,"GAM",,"ND",,,,,
"01/08/2019",0,"Rio de Janeiro",,"ND",,,"Twitter",,"ND",,,,,
"02/08/2019",0,"Rio de Janeiro","Maré",157,,,"GAM",,"ND",,,,,
"03/08/2019",1,"São Gonçalo",,,"Anaia",,"GAM","Twitter","Mandados",,,,,
"04/08/2019",1,"Rio de Janeiro","Itanhangá",127,"Muzema",,"Twitter",,"Combate a milícia",,,,,
"06/08/2019",1,"Rio de Janeiro","Vila Kennedy",162,,,"Twitter",,"Combate a roubo","G1","https://g1.globo.com/rj/rio-de-janeiro/noticia/2019/08/06/operacao-contra-quadrilha-que-roubava-e-reconstruia-veiculos-tenta-prender-80-pessoas-no-rio.ghtml",,,
"06/08/2019",0,"Rio de Janeiro","Maré",157,"Vila dos Pinheiros",,"GAM",,"ND","G1","https://g1.globo.com/rj/rio-de-janeiro/noticia/2019/08/06/batalhoes-especiais-da-policia-realizam-operacao-no-complexo-da-mare-na-zona-norte-do-rio.ghtml",,"GAM",
"06/08/2019",1,"Rio de Janeiro","Santíssimo",143,,,"Twitter",,"ND",,,,,
"06/08/2019",0,"Cabo Frio",,,"Areal",,"Twitter",,"ND",,,,,
"07/08/2019",0,"Rio de Janeiro","Complexo do Alemão",156,,,"GAM",,"ND",,,,"GAM",
"08/08/2019",1,"Rio de Janeiro","Cidade de Deus",118,,,"Twitter",,"Mandados",,,,,
"08/08/2019",0,"Belford Roxo",,,"Parque Esperança",,"GAM",,"ND",,,,"GAM",
"10/08/2019",0,"São Gonçalo","Complexo do Salgueiro",,,,"GAM",,"ND",,,,"GAM",
"12/08/2019",0,"Niterói",,,"Viradouro","Igrejinha, Grota","GAM",,"ND",,,,"GAM",
"13/08/2019",1,"Rio de Janeiro","Jacarezinho",155,,,"Twitter",,"Combate a facções",,,,,
"15/08/2019",0,"Rio de Janeiro",,"ND",,,"Twitter",,"ND",,,,,
"16/08/2019",1,"Rio de Janeiro",,"ND",,,"Twitter",,"ND",,,,,
"18/08/2019",0,"Rio de Janeiro","Campo Grande",144,"Estrada do Mendanha",,"GAM",,"ND",,,,"GAM",
"18/08/2019",1,"Rio de Janeiro",,"ND",,,"Twitter",,"ND",,,,,
"20/08/2019",1,"Rio de Janeiro","Cidade de Deus",118,,,"Extra",,"ND",,,,,
"20/08/2019",0,"Rio de Janeiro","Baía de Guanabara","ND",,,"GAM",,"ND",,,,"GAM",
"21/08/2019",0,"Rio de Janeiro",,"ND",,,"Twitter",,"ND",,,,,
"28/08/2019",0,"Niterói","São Francisco",,"Comunidade Igrejinha",,"GAM",,"ND",,,,"GAM",
"30/08/2019",1,"Rio de Janeiro",,"ND",,,"Twitter",,"ND",,,,,
"02/09/2019",1,"Rio de Janeiro","Caju",4,,,"Twitter",,"ND",,,,,
"05/09/2019",0,"Rio de Janeiro","Senador Camará",142,"Vila Aliança",,"Twitter",,"ND",,,,,
"06/09/2019",0,"Rio de Janeiro","Maré",157,,,"GAM",,"ND",,,,,
"11/09/2019",1,"Rio de Janeiro","Complexo do Alemão",156,,"Cidade de Deus","GAM","Twitter","ND",,,,"GAM",
"11/09/2019",0,"Rio de Janeiro","Penha",43,"Complexo da Penha",,"GAM",,"ND",,,,,
"13/09/2019",0,"São Gonçalo","Complexo do Salgueiro",,,,"GAM",,"ND",,,,,
"16/09/2019",1,"Rio de Janeiro","Jacaré",51,,,"Twitter",,"ND",,,,,
"17/09/2019",1,"Rio de Janeiro","Jacaré",51,,,"Twitter",,"ND",,,,,
"18/09/2019",1,"Rio de Janeiro","Complexo do Alemão",156,"Nova Brasília",,"GAM","O Globo","ND","O Globo",,"SAER","GAM",
"18/09/2019",1,"Rio de Janeiro","Maré",157,"Vila dos Pinheiros","Salsa e Merengue","Redes da Maré",,"ND","Maré de Notícias","https://mareonline.com.br/direitos-humanos/seguranca-publica/em-um-hora-de-operacao-caveirao-voador-causou-terror-na-mare/","SAER",,
"19/09/2019",0,"Niterói","Complexo do Caramujo",,,,"GAM",,"ND",,,,"GAM",
"19/09/2019",0,"Rio de Janeiro","Senador Camará",142,"Sapo",,"Twitter",,"ND",,,,,
"20/09/2019",1,"Rio de Janeiro","Guadalupe",106,"Muquiço",,"Twitter",,"Mandados",,,,,
"20/09/2019",0,"Niterói","Complexo do Caramujo",,,"Complexo do viradouro; Grota; Igrejinha","GAM",,"ND",,,,"GAM",
"20/09/2019",0,"Rio de Janeiro","Vidigal",30,,,"GAM",,"ND",,,,"GAM",
"22/09/2019",0,"Rio de Janeiro","Santa Cruz",149,,,"GAM",,"ND",,,,"GAM",
"02/10/2019",0,"Rio de Janeiro","Lins de Vasconcelos",62,,"Covanca;Praça Seca","GAM",,"ND",,,,,
"03/10/2019",1,"Rio de Janeiro","Cidade de Deus",118,,,"Twitter",,"Vingança",,,,,
"04/10/2019",0,"Rio de Janeiro","Costa Barros",113,,,"GAM",,"ND",,,,"GAM",
"05/10/2019",0,"Rio de Janeiro","Praça Seca",124,"Barão","Covanca","GAM",,"ND",,,,"GAM",
"07/10/2019",0,"Rio de Janeiro","Praça Seca",124,,,"GAM",,"ND",,,,"GAM",
"08/10/2019",0,"Rio de Janeiro","Praça Seca",124,,,"GAM",,"ND",,,,"GAM",
"14/10/2019",0,"Rio de Janeiro","Maré",157,"Nova Holanda","Parque União;Timbau;Baixa do Sapateiro","GAM",,"ND",,,,"GAM",
"18/10/2019",0,"São Gonçalo","Complexo do Salgueiro",,"Parque das Rosas",,"GAM",,"ND",,,,"GAM",
"21/10/2019",1,"Rio de Janeiro","Vicente de Carvalho",73,"Morro do Juramento",,"GAM","Twitter","ND",,,,"GAM",
"23/10/2019",0,"Rio de Janeiro","Vicente de Carvalho",73,"Morro do Juramento",,"GAM",,"ND",,,,"GAM",
"26/10/2019",0,"Rio de Janeiro","Costa Barros",113,,"Morro da Pedreira","GAM",,"ND",,,,"GAM",
"29/10/2019",0,"Rio de Janeiro","Costa Barros",113,"Chapadão",,"GAM",,"ND",,,,"GAM",
"07/11/2019",1,"São Gonçalo","Complexo do Salgueiro",,,,"GAM","Twitter","ND",,,,"GAM",
"13/11/2019",0,"Rio de Janeiro","Maré",157,"Nova Holanda","Parque União","GAM",,"ND",,,,"GAM",
"14/11/2019",0,"Rio de Janeiro","Madureira",83,"Serrinha",,"GAM",,"ND",,,,"GAM",
"19/11/2019",0,"Rio de Janeiro","Maré",157,"Nova Holanda","Parque União","GAM",,"ND",,,,"GAM",
"21/11/2019",0,"Belford Roxo",,,,,"GAM",,"ND",,,,"GAM",
"22/11/2019",0,"Rio de Janeiro","Estácio",9,"São Carlos","Zinco;Querosene","GAM",,"ND",,,,"GAM",
"24/11/2019",0,"Rio de Janeiro",,"ND",,,"GAM",,"Apoio",,,,"GAM",
"25/11/2019",0,"Rio de Janeiro","Cidade de Deus",118,,,"Facebook",,"ND",,,,,
"25/11/2019",0,"Rio de Janeiro","Maré",157,,,"GAM",,"ND",,,,"GAM",
"26/11/2019",0,"Nova Iguaçu","Grão Pará",,,,"GAM",,"ND",,,,"GAM",
"26/11/2019",0,"São Gonçalo",,,,,"GAM",,"ND",,,,"GAM",
"27/11/2019",1,"Nova Iguaçu","Grão Pará",,,,"GAM","Twitter","ND",,,,"GAM",
"27/11/2019",1,"Rio de Janeiro","Complexo do Alemão",156,,,"GAM","Twitter","ND",,,,,
"28/11/2019",0,"Rio de Janeiro","Braz de Pina",45,"Cinco Bocas",,"GAM",,"ND",,,,"GAM",
"28/11/2019",0,"Rio de Janeiro","Cordovil",46,,,"GAM",,"ND",,,,"GAM",
"28/11/2019",0,"Rio de Janeiro","Parada de Lucas",47,,,"GAM",,"ND",,,,"GAM",
"28/11/2019",0,"Rio de Janeiro","Vigário Geral",48,,,"GAM",,"ND",,,,"GAM",
"29/11/2019",1,"Rio de Janeiro","Senador Camará",142,"Pedreira",,"Twitter",,"Mandados",,,,,
"02/12/2019",0,"Rio de Janeiro","Maré",157,,,"GAM",,"ND",,,,"GAM",
"03/12/2019",0,"Niterói","Complexo do Viradouro",,,,"GAM",,"ND",,,,"GAM",
"06/12/2019",0,"Rio de Janeiro","Penha",43,"Morro do Sereno","Parque Proletário;Morro da Fé;Chatuba","GAM",,"ND",,,,"GAM",
"07/12/2019",0,"Rio de Janeiro","Recreio dos Bandeirantes",132,,,"GAM",,"ND",,,,"GAM",
"26/12/2019",1,"Angra dos Reis",,,,,"Twitter",,"Combate a facções",,,,,
